time_s,signal,incoming_edge,vehicles_on_road,entered_last_decision,straight_lane,straight_halted,left_lane,left_halted
0.0,A0,A1A0,0,0,A1A0_1,0,A1A0_2,0
0.0,A0,B0A0,0,0,B0A0_1,0,B0A0_2,0
0.0,A0,bottom0A0,0,0,bottom0A0_1,0,bottom0A0_2,0
0.0,A0,left0A0,0,0,left0A0_1,0,left0A0_2,0
0.0,A1,A0A1,0,0,A0A1_1,0,A0A1_2,0
0.0,A1,B1A1,0,0,B1A1_1,0,B1A1_2,0
0.0,A1,left1A1,0,0,left1A1_1,0,left1A1_2,0
0.0,A1,top0A1,0,0,top0A1_1,0,top0A1_2,0
0.0,B0,A0B0,0,0,A0B0_1,0,A0B0_2,0
0.0,B0,B1B0,0,0,B1B0_1,0,B1B0_2,0
0.0,B0,bottom1B0,0,0,bottom1B0_1,0,bottom1B0_2,0
0.0,B0,right0B0,0,0,right0B0_1,0,right0B0_2,0
0.0,B1,A1B1,0,0,A1B1_1,0,A1B1_2,0
0.0,B1,B0B1,0,0,B0B1_1,0,B0B1_2,0
0.0,B1,right1B1,0,0,right1B1_1,0,right1B1_2,0
0.0,B1,top1B1,0,0,top1B1_1,0,top1B1_2,0
5.0,A0,A1A0,0,0,A1A0_1,0,A1A0_2,0
5.0,A0,B0A0,0,0,B0A0_1,0,B0A0_2,0
5.0,A0,bottom0A0,0,0,bottom0A0_1,0,bottom0A0_2,0
5.0,A0,left0A0,0,0,left0A0_1,0,left0A0_2,0
5.0,A1,A0A1,0,0,A0A1_1,0,A0A1_2,0
5.0,A1,B1A1,0,0,B1A1_1,0,B1A1_2,0
5.0,A1,left1A1,0,0,left1A1_1,0,left1A1_2,0
5.0,A1,top0A1,0,0,top0A1_1,0,top0A1_2,0
5.0,B0,A0B0,0,0,A0B0_1,0,A0B0_2,0
5.0,B0,B1B0,0,0,B1B0_1,0,B1B0_2,0
5.0,B0,bottom1B0,0,0,bottom1B0_1,0,bottom1B0_2,0
5.0,B0,right0B0,1,0,right0B0_1,0,right0B0_2,0
5.0,B1,A1B1,0,0,A1B1_1,0,A1B1_2,0
5.0,B1,B0B1,0,0,B0B1_1,0,B0B1_2,0
5.0,B1,right1B1,0,0,right1B1_1,0,right1B1_2,0
5.0,B1,top1B1,0,0,top1B1_1,0,top1B1_2,0
10.0,A0,A1A0,0,0,A1A0_1,0,A1A0_2,0
10.0,A0,B0A0,0,0,B0A0_1,0,B0A0_2,0
10.0,A0,bottom0A0,0,0,bottom0A0_1,0,bottom0A0_2,0
10.0,A0,left0A0,1,0,left0A0_1,0,left0A0_2,0
10.0,A1,A0A1,0,0,A0A1_1,0,A0A1_2,0
10.0,A1,B1A1,0,0,B1A1_1,0,B1A1_2,0
10.0,A1,left1A1,0,0,left1A1_1,0,left1A1_2,0
10.0,A1,top0A1,0,0,top0A1_1,0,top0A1_2,0
10.0,B0,A0B0,0,0,A0B0_1,0,A0B0_2,0
10.0,B0,B1B0,0,0,B1B0_1,0,B1B0_2,0
10.0,B0,bottom1B0,0,0,bottom1B0_1,0,bottom1B0_2,0
10.0,B0,right0B0,1,0,right0B0_1,0,right0B0_2,0
10.0,B1,A1B1,0,0,A1B1_1,0,A1B1_2,0
10.0,B1,B0B1,0,0,B0B1_1,0,B0B1_2,0
10.0,B1,right1B1,0,0,right1B1_1,0,right1B1_2,0
10.0,B1,top1B1,0,0,top1B1_1,0,top1B1_2,0
15.0,A0,A1A0,0,0,A1A0_1,0,A1A0_2,0
15.0,A0,B0A0,0,0,B0A0_1,0,B0A0_2,0
15.0,A0,bottom0A0,0,0,bottom0A0_1,0,bottom0A0_2,0
15.0,A0,left0A0,1,0,left0A0_1,0,left0A0_2,0
15.0,A1,A0A1,0,0,A0A1_1,0,A0A1_2,0
15.0,A1,B1A1,0,0,B1A1_1,0,B1A1_2,0
15.0,A1,left1A1,0,0,left1A1_1,0,left1A1_2,0
15.0,A1,top0A1,0,0,top0A1_1,0,top0A1_2,0
15.0,B0,A0B0,0,0,A0B0_1,0,A0B0_2,0
15.0,B0,B1B0,0,0,B1B0_1,0,B1B0_2,0
15.0,B0,bottom1B0,0,0,bottom1B0_1,0,bottom1B0_2,0
15.0,B0,right0B0,1,0,right0B0_1,0,right0B0_2,0
15.0,B1,A1B1,0,0,A1B1_1,0,A1B1_2,0
15.0,B1,B0B1,0,0,B0B1_1,0,B0B1_2,0
15.0,B1,right1B1,0,0,right1B1_1,0,right1B1_2,0
15.0,B1,top1B1,1,0,top1B1_1,0,top1B1_2,0
20.0,A0,A1A0,0,0,A1A0_1,0,A1A0_2,0
20.0,A0,B0A0,0,0,B0A0_1,0,B0A0_2,0
20.0,A0,bottom0A0,0,0,bottom0A0_1,0,bottom0A0_2,0
20.0,A0,left0A0,1,0,left0A0_1,0,left0A0_2,0
20.0,A1,A0A1,0,0,A0A1_1,0,A0A1_2,0
20.0,A1,B1A1,0,0,B1A1_1,0,B1A1_2,0
20.0,A1,left1A1,0,0,left1A1_1,0,left1A1_2,0
20.0,A1,top0A1,0,0,top0A1_1,0,top0A1_2,0
20.0,B0,A0B0,0,0,A0B0_1,0,A0B0_2,0
20.0,B0,B1B0,0,0,B1B0_1,0,B1B0_2,0
20.0,B0,bottom1B0,0,0,bottom1B0_1,0,bottom1B0_2,0
20.0,B0,right0B0,1,0,right0B0_1,0,right0B0_2,0
20.0,B1,A1B1,0,0,A1B1_1,0,A1B1_2,0
20.0,B1,B0B1,0,0,B0B1_1,0,B0B1_2,0
20.0,B1,right1B1,0,0,right1B1_1,0,right1B1_2,0
20.0,B1,top1B1,1,0,top1B1_1,0,top1B1_2,0
