vehicle_id,depart,origin,destination,route_family,route_edges
0,2.96,left1,top2,background,left1A1 A1B1 B1C1 C1C2 C2top2
1,7.37,left0,top2,outer,left0A0 A0A1 A1A2 A2B2 B2C2 C2top2
2,12.57,right1,right0,background,right1C1 C1C0 C0right0
3,13.84,right1,right2,background,right1C1 C1C2 C2right2
4,16.41,right2,left0,background,right2C2 C2C1 C1B1 B1B0 B0A0 A0left0
5,17.17,bottom0,right0,background,bottom0A0 A0B0 B0C0 C0right0
6,19.98,left0,top2,outer,left0A0 A0A1 A1A2 A2B2 B2C2 C2top2
7,20.40,top2,top0,background,top2C2 C2B2 B2A2 A2top0
8,26.17,left1,right0,background,left1A1 A1B1 B1C1 C1C0 C0right0
9,26.33,top1,bottom2,background,top1B2 B2B1 B1C1 C1C0 C0bottom2
10,29.97,left2,top2,background,left2A2 A2B2 B2C2 C2top2
11,30.44,bottom0,right2,background,bottom0A0 A0B0 B0B1 B1C1 C1C2 C2right2
12,35.52,top0,right0,background,top0A2 A2A1 A1B1 B1B0 B0C0 C0right0
13,36.38,bottom0,right0,background,bottom0A0 A0B0 B0C0 C0right0
14,36.77,left0,left1,background,left0A0 A0A1 A1left1
15,45.93,top0,right0,background,top0A2 A2B2 B2B1 B1C1 C1C0 C0right0
16,47.14,left2,top1,background,left2A2 A2B2 B2top1
17,50.96,left0,top2,outer,left0A0 A0A1 A1A2 A2B2 B2C2 C2top2
18,53.94,left1,top1,background,left1A1 A1A2 A2B2 B2top1
19,58.42,left0,top2,center,left0A0 A0B0 B0B1 B1C1 C1C2 C2top2
20,58.70,top0,left2,background,top0A2 A2left2
21,60.20,left0,top1,background,left0A0 A0B0 B0B1 B1B2 B2top1
22,60.99,right0,bottom0,background,right0C0 C0B0 B0A0 A0bottom0
23,61.37,top0,right0,background,top0A2 A2A1 A1A0 A0B0 B0C0 C0right0
24,62.53,left0,top2,outer,left0A0 A0A1 A1A2 A2B2 B2C2 C2top2
25,63.57,left2,bottom2,background,left2A2 A2B2 B2B1 B1B0 B0C0 C0bottom2
26,64.16,top1,top2,background,top1B2 B2C2 C2top2
27,65.60,right2,left1,background,right2C2 C2B2 B2A2 A2A1 A1left1
28,66.67,right0,top1,background,right0C0 C0C1 C1B1 B1B2 B2top1
29,66.70,top0,top1,background,top0A2 A2B2 B2top1
30,72.56,right1,top0,background,right1C1 C1C2 C2B2 B2A2 A2top0
31,72.86,left0,top2,center,left0A0 A0B0 B0B1 B1C1 C1C2 C2top2
32,75.21,left0,top2,outer,left0A0 A0A1 A1A2 A2B2 B2C2 C2top2
33,75.30,left1,top0,background,left1A1 A1A2 A2top0
34,82.72,left0,top2,center,left0A0 A0B0 B0B1 B1C1 C1C2 C2top2
35,89.06,left0,top2,center,left0A0 A0B0 B0B1 B1C1 C1C2 C2top2
36,93.10,top0,left2,background,top0A2 A2left2
37,93.40,bottom2,left0,background,bottom2C0 C0B0 B0A0 A0left0
38,97.91,left0,top2,center,left0A0 A0B0 B0B1 B1C1 C1C2 C2top2
39,99.22,left0,top2,outer,left0A0 A0A1 A1A2 A2B2 B2C2 C2top2
40,100.30,top1,top0,background,top1B2 B2A2 A2top0
41,101.64,left0,top2,center,left0A0 A0B0 B0B1 B1C1 C1C2 C2top2
42,103.51,left0,top2,outer,left0A0 A0A1 A1A2 A2B2 B2C2 C2top2
43,106.28,left2,left1,background,left2A2 A2A1 A1left1
44,107.06,left0,top2,outer,left0A0 A0A1 A1A2 A2B2 B2C2 C2top2
45,108.61,top0,bottom0,background,top0A2 A2A1 A1A0 A0bottom0
46,109.76,top1,top2,background,top1B2 B2C2 C2top2
47,114.36,bottom0,top0,background,bottom0A0 A0A1 A1A2 A2top0
48,120.84,left0,top2,center,left0A0 A0B0 B0B1 B1C1 C1C2 C2top2
49,122.87,right0,left0,background,right0C0 C0B0 B0A0 A0left0
50,123.71,right0,bottom2,background,right0C0 C0bottom2
51,126.30,top2,top0,background,top2C2 C2B2 B2A2 A2top0
52,129.76,right2,top2,background,right2C2 C2top2
53,130.82,bottom0,left2,background,bottom0A0 A0A1 A1A2 A2left2
54,132.10,top2,right2,background,top2C2 C2right2
55,139.02,right2,top0,background,right2C2 C2B2 B2A2 A2top0
56,140.42,left1,bottom1,background,left1A1 A1B1 B1B0 B0bottom1
57,150.43,top1,bottom0,background,top1B2 B2B1 B1B0 B0A0 A0bottom0
58,152.21,left0,top2,center,left0A0 A0B0 B0B1 B1C1 C1C2 C2top2
59,152.51,left1,right2,background,left1A1 A1B1 B1B2 B2C2 C2right2
60,153.55,bottom1,top2,background,bottom1B0 B0B1 B1B2 B2C2 C2top2
61,157.43,left1,right1,background,left1A1 A1B1 B1C1 C1right1
62,170.10,right0,left2,background,right0C0 C0B0 B0B1 B1A1 A1A2 A2left2
63,175.03,right2,left1,background,right2C2 C2C1 C1B1 B1A1 A1left1
64,188.79,left2,right2,background,left2A2 A2B2 B2C2 C2right2
65,189.88,right0,top2,background,right0C0 C0C1 C1C2 C2top2
66,190.97,top0,bottom0,background,top0A2 A2A1 A1A0 A0bottom0
67,196.11,left2,bottom1,background,left2A2 A2B2 B2B1 B1B0 B0bottom1
68,196.43,left0,top2,center,left0A0 A0B0 B0B1 B1C1 C1C2 C2top2
69,197.54,left2,top2,background,left2A2 A2B2 B2C2 C2top2
70,199.17,top1,bottom1,background,top1B2 B2B1 B1B0 B0bottom1
71,202.75,bottom2,left2,background,bottom2C0 C0B0 B0B1 B1B2 B2A2 A2left2
72,203.64,top2,bottom1,background,top2C2 C2C1 C1B1 B1B0 B0bottom1
73,205.48,left1,top1,background,left1A1 A1B1 B1B2 B2top1
74,206.16,top0,bottom0,background,top0A2 A2A1 A1A0 A0bottom0
75,218.13,left1,bottom2,background,left1A1 A1A0 A0B0 B0C0 C0bottom2
76,220.26,top2,right2,background,top2C2 C2right2
77,231.23,top0,bottom2,background,top0A2 A2B2 B2C2 C2C1 C1C0 C0bottom2
78,231.58,right0,top0,background,right0C0 C0C1 C1C2 C2B2 B2A2 A2top0
79,235.38,right1,top0,background,right1C1 C1C2 C2B2 B2A2 A2top0
80,237.70,top1,left2,background,top1B2 B2A2 A2left2
81,238.07,right2,right0,background,right2C2 C2C1 C1C0 C0right0
82,238.79,left1,right0,background,left1A1 A1B1 B1C1 C1C0 C0right0
83,239.67,bottom2,right0,background,bottom2C0 C0right0
84,243.30,left0,top2,outer,left0A0 A0A1 A1A2 A2B2 B2C2 C2top2
85,243.45,right1,top1,background,right1C1 C1B1 B1B2 B2top1
86,246.79,top1,right1,background,top1B2 B2C2 C2C1 C1right1
87,253.11,top2,left1,background,top2C2 C2C1 C1B1 B1A1 A1left1
88,253.15,left1,left0,background,left1A1 A1A0 A0left0
89,256.41,top1,top2,background,top1B2 B2C2 C2top2
90,258.26,bottom1,bottom0,background,bottom1B0 B0A0 A0bottom0
91,261.18,bottom2,left1,background,bottom2C0 C0C1 C1B1 B1A1 A1left1
92,262.10,left1,bottom0,background,left1A1 A1A0 A0bottom0
93,263.89,right0,right2,background,right0C0 C0C1 C1C2 C2right2
94,264.93,right2,top1,background,right2C2 C2B2 B2top1
95,274.11,left2,right0,background,left2A2 A2A1 A1B1 B1C1 C1C0 C0right0
96,276.47,right0,top1,background,right0C0 C0C1 C1B1 B1B2 B2top1
97,277.03,bottom0,left0,background,bottom0A0 A0left0
98,278.31,left1,top2,background,left1A1 A1A2 A2B2 B2C2 C2top2
99,283.83,bottom2,right1,background,bottom2C0 C0C1 C1right1
100,288.99,left2,right0,background,left2A2 A2B2 B2C2 C2C1 C1C0 C0right0
101,291.32,left0,top2,outer,left0A0 A0A1 A1A2 A2B2 B2C2 C2top2
102,291.98,right1,top2,background,right1C1 C1C2 C2top2
103,295.98,left2,right1,background,left2A2 A2B2 B2B1 B1C1 C1right1
104,296.38,left0,top0,background,left0A0 A0A1 A1A2 A2top0
105,308.52,bottom2,left2,background,bottom2C0 C0B0 B0B1 B1A1 A1A2 A2left2
106,316.18,top2,left1,background,top2C2 C2B2 B2B1 B1A1 A1left1
107,321.95,right0,right2,background,right0C0 C0C1 C1C2 C2right2
108,322.95,top2,bottom2,background,top2C2 C2C1 C1C0 C0bottom2
109,328.51,left0,top2,center,left0A0 A0B0 B0B1 B1C1 C1C2 C2top2
110,330.41,right2,left1,background,right2C2 C2C1 C1B1 B1A1 A1left1
111,333.31,left1,top1,background,left1A1 A1B1 B1B2 B2top1
112,342.33,top2,bottom2,background,top2C2 C2C1 C1C0 C0bottom2
113,344.25,right1,top1,background,right1C1 C1C2 C2B2 B2top1
114,346.59,left0,bottom0,background,left0A0 A0bottom0
115,351.21,bottom0,bottom1,background,bottom0A0 A0B0 B0bottom1
116,358.41,top2,left2,background,top2C2 C2B2 B2A2 A2left2
117,358.70,right0,right1,background,right0C0 C0C1 C1right1
118,361.43,left2,bottom2,background,left2A2 A2A1 A1B1 B1C1 C1C0 C0bottom2
119,369.39,left2,top1,background,left2A2 A2B2 B2top1
120,369.99,right1,top1,background,right1C1 C1B1 B1B2 B2top1
121,371.72,bottom1,top1,background,bottom1B0 B0B1 B1B2 B2top1
122,378.67,top1,right2,background,top1B2 B2C2 C2right2
123,378.99,right2,right0,background,right2C2 C2C1 C1C0 C0right0
124,380.19,bottom2,left2,background,bottom2C0 C0C1 C1C2 C2B2 B2A2 A2left2
125,380.67,left0,top2,center,left0A0 A0B0 B0B1 B1C1 C1C2 C2top2
126,383.21,left0,top2,center,left0A0 A0B0 B0B1 B1C1 C1C2 C2top2
127,384.54,left2,top0,background,left2A2 A2top0
128,391.78,right2,top1,background,right2C2 C2B2 B2top1
129,392.17,top2,right1,background,top2C2 C2C1 C1right1
130,394.01,top0,left0,background,top0A2 A2A1 A1A0 A0left0
131,394.63,top2,bottom2,background,top2C2 C2C1 C1C0 C0bottom2
132,394.84,top1,bottom1,background,top1B2 B2B1 B1B0 B0bottom1
133,399.42,bottom2,bottom0,background,bottom2C0 C0B0 B0A0 A0bottom0
134,401.17,top2,right2,background,top2C2 C2right2
135,401.41,left0,bottom0,background,left0A0 A0bottom0
136,402.38,right0,right2,background,right0C0 C0C1 C1C2 C2right2
137,417.18,right0,right1,background,right0C0 C0C1 C1right1
138,421.46,right2,right0,background,right2C2 C2C1 C1C0 C0right0
139,423.11,left0,top2,center,left0A0 A0B0 B0B1 B1C1 C1C2 C2top2
140,425.80,left2,right1,background,left2A2 A2B2 B2C2 C2C1 C1right1
141,427.03,top2,top0,background,top2C2 C2B2 B2A2 A2top0
142,429.49,bottom2,top0,background,bottom2C0 C0C1 C1C2 C2B2 B2A2 A2top0
143,430.85,bottom0,left2,background,bottom0A0 A0A1 A1A2 A2left2
144,437.95,right1,top0,background,right1C1 C1C2 C2B2 B2A2 A2top0
145,441.97,right0,top1,background,right0C0 C0C1 C1C2 C2B2 B2top1
146,442.05,left1,right0,background,left1A1 A1A0 A0B0 B0C0 C0right0
147,443.19,left1,left2,background,left1A1 A1A2 A2left2
148,443.51,top2,left2,background,top2C2 C2B2 B2A2 A2left2
149,444.43,bottom0,bottom2,background,bottom0A0 A0B0 B0C0 C0bottom2
150,445.21,right1,bottom0,background,right1C1 C1B1 B1A1 A1A0 A0bottom0
151,446.76,top0,left0,background,top0A2 A2A1 A1A0 A0left0
152,450.43,bottom1,top2,background,bottom1B0 B0B1 B1B2 B2C2 C2top2
153,451.41,top1,bottom2,background,top1B2 B2B1 B1B0 B0C0 C0bottom2
154,454.28,right2,top1,background,right2C2 C2B2 B2top1
155,458.30,left2,top2,background,left2A2 A2B2 B2C2 C2top2
156,465.87,right2,bottom1,background,right2C2 C2B2 B2B1 B1B0 B0bottom1
157,466.49,top1,bottom0,background,top1B2 B2B1 B1B0 B0A0 A0bottom0
158,469.49,bottom2,left1,background,bottom2C0 C0C1 C1B1 B1A1 A1left1
159,470.27,left0,top2,center,left0A0 A0B0 B0B1 B1C1 C1C2 C2top2
160,477.39,bottom2,bottom1,background,bottom2C0 C0B0 B0bottom1
161,482.27,bottom1,top2,background,bottom1B0 B0B1 B1C1 C1C2 C2top2
162,484.88,right1,left1,background,right1C1 C1B1 B1A1 A1left1
163,485.17,left1,right1,background,left1A1 A1B1 B1C1 C1right1
164,490.36,bottom1,top1,background,bottom1B0 B0B1 B1B2 B2top1
165,491.93,bottom1,top2,background,bottom1B0 B0C0 C0C1 C1C2 C2top2
166,493.12,bottom0,bottom1,background,bottom0A0 A0B0 B0bottom1
167,497.99,bottom0,left1,background,bottom0A0 A0A1 A1left1
168,498.97,bottom2,bottom1,background,bottom2C0 C0B0 B0bottom1
169,504.38,top2,bottom0,background,top2C2 C2C1 C1C0 C0B0 B0A0 A0bottom0
170,505.51,bottom2,right1,background,bottom2C0 C0C1 C1right1
171,512.62,left0,top2,center,left0A0 A0B0 B0B1 B1C1 C1C2 C2top2
172,520.65,left1,top2,background,left1A1 A1B1 B1C1 C1C2 C2top2
173,522.50,top1,top0,background,top1B2 B2A2 A2top0
174,525.20,right0,top0,background,right0C0 C0C1 C1C2 C2B2 B2A2 A2top0
175,525.94,top2,top1,background,top2C2 C2B2 B2top1
176,532.22,right2,left2,background,right2C2 C2B2 B2A2 A2left2
177,542.46,right1,left2,background,right1C1 C1C2 C2B2 B2A2 A2left2
178,555.32,bottom1,right0,background,bottom1B0 B0C0 C0right0
179,556.00,top2,left0,background,top2C2 C2C1 C1B1 B1B0 B0A0 A0left0
180,556.74,bottom2,right2,background,bottom2C0 C0C1 C1C2 C2right2
181,558.55,right2,bottom2,background,right2C2 C2C1 C1C0 C0bottom2
182,558.69,left0,top2,center,left0A0 A0B0 B0B1 B1C1 C1C2 C2top2
183,558.87,top1,bottom0,background,top1B2 B2B1 B1A1 A1A0 A0bottom0
184,560.24,left1,top1,background,left1A1 A1A2 A2B2 B2top1
185,560.80,left0,top2,center,left0A0 A0B0 B0B1 B1C1 C1C2 C2top2
186,561.58,right2,bottom0,background,right2C2 C2B2 B2A2 A2A1 A1A0 A0bottom0
187,564.44,top1,left1,background,top1B2 B2A2 A2A1 A1left1
188,564.82,right1,bottom2,background,right1C1 C1C0 C0bottom2
189,567.07,left0,right2,background,left0A0 A0A1 A1A2 A2B2 B2C2 C2right2
190,568.07,bottom0,right1,background,bottom0A0 A0B0 B0C0 C0C1 C1right1
191,576.60,right1,right0,background,right1C1 C1C0 C0right0
192,577.51,right0,top2,background,right0C0 C0C1 C1C2 C2top2
193,578.89,right0,bottom1,background,right0C0 C0B0 B0bottom1
194,584.93,left2,bottom1,background,left2A2 A2A1 A1B1 B1B0 B0bottom1
195,588.51,left0,top2,center,left0A0 A0B0 B0B1 B1C1 C1C2 C2top2
196,589.65,bottom0,left0,background,bottom0A0 A0left0
197,589.94,left1,top0,background,left1A1 A1A2 A2top0
198,590.18,bottom0,right1,background,bottom0A0 A0A1 A1B1 B1C1 C1right1
199,593.65,right1,top2,background,right1C1 C1C2 C2top2
200,594.22,right1,left2,background,right1C1 C1C2 C2B2 B2A2 A2left2
201,596.22,left0,top2,outer,left0A0 A0A1 A1A2 A2B2 B2C2 C2top2
202,596.74,top2,top1,background,top2C2 C2B2 B2top1
203,597.30,top2,right0,background,top2C2 C2C1 C1C0 C0right0
204,598.67,right2,bottom1,background,right2C2 C2C1 C1B1 B1B0 B0bottom1
205,600.42,top2,top0,background,top2C2 C2B2 B2A2 A2top0
206,605.53,left0,top2,center,left0A0 A0B0 B0B1 B1C1 C1C2 C2top2
207,605.91,bottom0,right1,background,bottom0A0 A0A1 A1B1 B1C1 C1right1
208,609.45,top2,top0,background,top2C2 C2B2 B2A2 A2top0
209,614.63,left2,bottom0,background,left2A2 A2A1 A1A0 A0bottom0
210,619.88,top1,right2,background,top1B2 B2C2 C2right2
211,620.24,left0,top2,center,left0A0 A0B0 B0B1 B1C1 C1C2 C2top2
212,622.23,right1,right0,background,right1C1 C1C0 C0right0
213,625.04,top1,left0,background,top1B2 B2A2 A2A1 A1A0 A0left0
214,629.01,right1,bottom1,background,right1C1 C1B1 B1B0 B0bottom1
215,633.04,right2,top1,background,right2C2 C2B2 B2top1
216,636.95,right1,left1,background,right1C1 C1B1 B1A1 A1left1
217,650.67,left0,top2,outer,left0A0 A0A1 A1A2 A2B2 B2C2 C2top2
218,656.34,right0,top0,background,right0C0 C0C1 C1C2 C2B2 B2A2 A2top0
219,658.14,left0,top2,outer,left0A0 A0A1 A1A2 A2B2 B2C2 C2top2
220,662.55,bottom1,bottom0,background,bottom1B0 B0A0 A0bottom0
221,662.99,bottom2,left1,background,bottom2C0 C0C1 C1B1 B1A1 A1left1
222,663.37,bottom0,left2,background,bottom0A0 A0A1 A1A2 A2left2
223,666.99,top0,bottom0,background,top0A2 A2A1 A1A0 A0bottom0
224,669.91,top1,left1,background,top1B2 B2A2 A2A1 A1left1
225,670.50,top2,left0,background,top2C2 C2B2 B2B1 B1B0 B0A0 A0left0
226,675.73,right2,left0,background,right2C2 C2C1 C1B1 B1B0 B0A0 A0left0
227,677.76,top1,top0,background,top1B2 B2A2 A2top0
228,679.84,right2,bottom0,background,right2C2 C2C1 C1C0 C0B0 B0A0 A0bottom0
229,680.10,bottom0,right0,background,bottom0A0 A0B0 B0C0 C0right0
230,684.74,right1,left2,background,right1C1 C1B1 B1A1 A1A2 A2left2
231,693.23,top2,left2,background,top2C2 C2B2 B2A2 A2left2
232,694.58,bottom2,left0,background,bottom2C0 C0B0 B0A0 A0left0
233,694.67,bottom1,left0,background,bottom1B0 B0A0 A0left0
234,699.44,left0,top2,outer,left0A0 A0A1 A1A2 A2B2 B2C2 C2top2
235,700.80,right0,bottom2,background,right0C0 C0bottom2
236,703.43,bottom0,top1,background,bottom0A0 A0B0 B0B1 B1B2 B2top1
237,706.30,bottom1,left1,background,bottom1B0 B0B1 B1A1 A1left1
238,715.21,left1,top1,background,left1A1 A1A2 A2B2 B2top1
239,718.26,right0,top1,background,right0C0 C0B0 B0B1 B1B2 B2top1
240,721.48,right1,left2,background,right1C1 C1B1 B1B2 B2A2 A2left2
241,722.28,top0,bottom2,background,top0A2 A2B2 B2C2 C2C1 C1C0 C0bottom2
242,723.12,left1,top1,background,left1A1 A1A2 A2B2 B2top1
243,731.64,right1,left2,background,right1C1 C1C2 C2B2 B2A2 A2left2
244,731.82,left0,top2,outer,left0A0 A0A1 A1A2 A2B2 B2C2 C2top2
245,741.13,bottom2,top1,background,bottom2C0 C0B0 B0B1 B1B2 B2top1
246,752.59,top1,bottom0,background,top1B2 B2B1 B1B0 B0A0 A0bottom0
247,758.10,left0,top2,center,left0A0 A0B0 B0B1 B1C1 C1C2 C2top2
248,761.37,bottom1,right1,background,bottom1B0 B0C0 C0C1 C1right1
249,761.61,right2,top1,background,right2C2 C2B2 B2top1
250,765.33,bottom0,left2,background,bottom0A0 A0A1 A1A2 A2left2
251,765.73,left0,top2,center,left0A0 A0B0 B0B1 B1C1 C1C2 C2top2
252,767.36,right2,right1,background,right2C2 C2C1 C1right1
253,771.10,bottom0,right1,background,bottom0A0 A0A1 A1B1 B1C1 C1right1
254,772.10,left0,top2,center,left0A0 A0B0 B0B1 B1C1 C1C2 C2top2
255,775.71,top2,left1,background,top2C2 C2C1 C1B1 B1A1 A1left1
256,775.92,left0,top2,outer,left0A0 A0A1 A1A2 A2B2 B2C2 C2top2
257,778.55,bottom2,top2,background,bottom2C0 C0C1 C1C2 C2top2
258,785.65,top0,left1,background,top0A2 A2A1 A1left1
259,787.85,left2,bottom1,background,left2A2 A2A1 A1B1 B1B0 B0bottom1
260,788.57,bottom2,top0,background,bottom2C0 C0B0 B0B1 B1B2 B2A2 A2top0
261,791.87,left2,bottom2,background,left2A2 A2B2 B2B1 B1C1 C1C0 C0bottom2
262,795.83,top2,bottom1,background,top2C2 C2C1 C1B1 B1B0 B0bottom1
263,797.76,right1,right0,background,right1C1 C1C0 C0right0
264,799.14,top2,right2,background,top2C2 C2right2
265,799.96,left2,top2,background,left2A2 A2B2 B2C2 C2top2
266,800.67,left0,top2,center,left0A0 A0B0 B0B1 B1C1 C1C2 C2top2
267,802.36,top0,right0,background,top0A2 A2A1 A1A0 A0B0 B0C0 C0right0
268,803.62,left0,top2,outer,left0A0 A0A1 A1A2 A2B2 B2C2 C2top2
269,804.62,right2,top0,background,right2C2 C2B2 B2A2 A2top0
270,805.25,right2,top1,background,right2C2 C2B2 B2top1
271,808.03,left0,top2,outer,left0A0 A0A1 A1A2 A2B2 B2C2 C2top2
272,812.62,left0,top2,outer,left0A0 A0A1 A1A2 A2B2 B2C2 C2top2
273,814.94,right0,left0,background,right0C0 C0B0 B0A0 A0left0
274,815.80,left0,top2,center,left0A0 A0B0 B0B1 B1C1 C1C2 C2top2
275,830.32,left1,bottom1,background,left1A1 A1B1 B1B0 B0bottom1
276,840.52,bottom2,top1,background,bottom2C0 C0C1 C1B1 B1B2 B2top1
277,845.06,top0,left2,background,top0A2 A2left2
278,849.59,left0,top2,outer,left0A0 A0A1 A1A2 A2B2 B2C2 C2top2
279,849.73,bottom0,left1,background,bottom0A0 A0A1 A1left1
280,854.21,top1,right2,background,top1B2 B2C2 C2right2
281,855.84,bottom0,left1,background,bottom0A0 A0A1 A1left1
282,857.84,left1,left2,background,left1A1 A1A2 A2left2
283,858.04,top2,right2,background,top2C2 C2right2
284,859.70,bottom1,top2,background,bottom1B0 B0C0 C0C1 C1C2 C2top2
285,860.47,left1,top2,background,left1A1 A1A2 A2B2 B2C2 C2top2
286,868.89,bottom1,right0,background,bottom1B0 B0C0 C0right0
287,869.24,left2,right1,background,left2A2 A2B2 B2C2 C2C1 C1right1
288,873.46,left0,top2,outer,left0A0 A0A1 A1A2 A2B2 B2C2 C2top2
289,874.50,right1,top0,background,right1C1 C1B1 B1B2 B2A2 A2top0
290,884.03,bottom2,top0,background,bottom2C0 C0B0 B0A0 A0A1 A1A2 A2top0
291,884.05,left1,left0,background,left1A1 A1A0 A0left0
292,887.12,top2,top1,background,top2C2 C2B2 B2top1
293,892.74,left0,top2,outer,left0A0 A0A1 A1A2 A2B2 B2C2 C2top2
294,893.53,left0,top2,center,left0A0 A0B0 B0B1 B1C1 C1C2 C2top2
295,893.85,right0,bottom1,background,right0C0 C0B0 B0bottom1
296,899.75,top2,bottom1,background,top2C2 C2C1 C1B1 B1B0 B0bottom1
297,903.03,bottom2,right1,background,bottom2C0 C0C1 C1right1
298,907.28,top2,top1,background,top2C2 C2B2 B2top1
299,907.58,top0,right0,background,top0A2 A2A1 A1A0 A0B0 B0C0 C0right0
300,910.75,bottom0,right2,background,bottom0A0 A0A1 A1B1 B1B2 B2C2 C2right2
301,911.74,right2,left0,background,right2C2 C2B2 B2A2 A2A1 A1A0 A0left0
302,915.00,top1,bottom0,background,top1B2 B2B1 B1B0 B0A0 A0bottom0
303,916.99,top2,left2,background,top2C2 C2B2 B2A2 A2left2
304,917.26,right1,bottom2,background,right1C1 C1C0 C0bottom2
305,924.62,right2,top0,background,right2C2 C2B2 B2A2 A2top0
306,925.17,top2,right1,background,top2C2 C2C1 C1right1
307,926.60,bottom2,top1,background,bottom2C0 C0C1 C1B1 B1B2 B2top1
308,930.24,bottom2,top1,background,bottom2C0 C0B0 B0B1 B1B2 B2top1
309,934.70,left2,right0,background,left2A2 A2B2 B2B1 B1B0 B0C0 C0right0
310,940.16,right1,left0,background,right1C1 C1B1 B1A1 A1A0 A0left0
311,941.13,top1,right0,background,top1B2 B2C2 C2C1 C1C0 C0right0
312,942.48,left0,top2,center,left0A0 A0B0 B0B1 B1C1 C1C2 C2top2
313,944.15,left2,right0,background,left2A2 A2A1 A1B1 B1B0 B0C0 C0right0
314,953.90,right2,bottom1,background,right2C2 C2B2 B2B1 B1B0 B0bottom1
315,955.20,left0,top2,outer,left0A0 A0A1 A1A2 A2B2 B2C2 C2top2
316,964.85,bottom0,right0,background,bottom0A0 A0B0 B0C0 C0right0
317,967.60,bottom1,right2,background,bottom1B0 B0B1 B1B2 B2C2 C2right2
318,976.40,top1,right2,background,top1B2 B2C2 C2right2
319,977.36,top2,right1,background,top2C2 C2C1 C1right1
320,985.88,bottom1,right1,background,bottom1B0 B0B1 B1C1 C1right1
321,994.32,right1,bottom2,background,right1C1 C1C0 C0bottom2
322,995.49,bottom1,right1,background,bottom1B0 B0B1 B1C1 C1right1
323,997.12,top0,left1,background,top0A2 A2A1 A1left1
324,998.09,top0,left2,background,top0A2 A2left2
325,999.50,right2,left0,background,right2C2 C2C1 C1B1 B1A1 A1A0 A0left0
326,999.96,bottom1,right0,background,bottom1B0 B0C0 C0right0
327,1006.22,right1,top0,background,right1C1 C1C2 C2B2 B2A2 A2top0
328,1008.75,right1,left1,background,right1C1 C1B1 B1A1 A1left1
329,1012.95,top0,right1,background,top0A2 A2B2 B2C2 C2C1 C1right1
330,1014.24,left0,top2,center,left0A0 A0B0 B0B1 B1C1 C1C2 C2top2
331,1023.31,bottom0,left2,background,bottom0A0 A0A1 A1A2 A2left2
332,1026.86,top2,right1,background,top2C2 C2C1 C1right1
333,1029.87,left2,left1,background,left2A2 A2A1 A1left1
334,1032.16,bottom2,right2,background,bottom2C0 C0C1 C1C2 C2right2
335,1033.18,top1,top2,background,top1B2 B2C2 C2top2
336,1039.83,top1,bottom0,background,top1B2 B2B1 B1B0 B0A0 A0bottom0
337,1042.64,top2,bottom1,background,top2C2 C2B2 B2B1 B1B0 B0bottom1
338,1057.86,top0,right2,background,top0A2 A2B2 B2C2 C2right2
339,1061.79,left0,top2,center,left0A0 A0B0 B0B1 B1C1 C1C2 C2top2
340,1067.32,bottom1,right0,background,bottom1B0 B0C0 C0right0
341,1074.01,top1,bottom0,background,top1B2 B2A2 A2A1 A1A0 A0bottom0
342,1078.15,top0,left1,background,top0A2 A2A1 A1left1
343,1080.80,right2,top2,background,right2C2 C2top2
344,1081.44,bottom0,right1,background,bottom0A0 A0B0 B0C0 C0C1 C1right1
345,1082.95,bottom0,bottom1,background,bottom0A0 A0B0 B0bottom1
346,1086.27,left0,right0,background,left0A0 A0B0 B0C0 C0right0
347,1089.86,bottom1,bottom2,background,bottom1B0 B0C0 C0bottom2
348,1093.25,top1,left1,background,top1B2 B2A2 A2A1 A1left1
349,1095.32,top0,right0,background,top0A2 A2A1 A1A0 A0B0 B0C0 C0right0
350,1096.22,left1,bottom2,background,left1A1 A1A0 A0B0 B0C0 C0bottom2
351,1101.63,bottom1,top1,background,bottom1B0 B0B1 B1B2 B2top1
352,1103.78,left2,left0,background,left2A2 A2A1 A1A0 A0left0
353,1105.62,right0,left2,background,right0C0 C0C1 C1C2 C2B2 B2A2 A2left2
354,1108.90,top2,top0,background,top2C2 C2B2 B2A2 A2top0
355,1118.81,bottom0,top0,background,bottom0A0 A0A1 A1A2 A2top0
356,1123.42,right1,bottom0,background,right1C1 C1B1 B1B0 B0A0 A0bottom0
357,1127.01,left0,top2,center,left0A0 A0B0 B0B1 B1C1 C1C2 C2top2
358,1127.04,bottom2,bottom1,background,bottom2C0 C0B0 B0bottom1
359,1134.18,top1,left2,background,top1B2 B2A2 A2left2
360,1135.67,right0,left1,background,right0C0 C0B0 B0B1 B1A1 A1left1
361,1140.92,right2,top1,background,right2C2 C2B2 B2top1
362,1146.60,bottom1,top2,background,bottom1B0 B0C0 C0C1 C1C2 C2top2
363,1148.98,bottom0,left1,background,bottom0A0 A0A1 A1left1
364,1150.24,right0,right2,background,right0C0 C0C1 C1C2 C2right2
365,1155.41,left1,right1,background,left1A1 A1B1 B1C1 C1right1
366,1158.76,bottom1,left1,background,bottom1B0 B0A0 A0A1 A1left1
367,1159.47,right1,left1,background,right1C1 C1B1 B1A1 A1left1
368,1161.49,right1,left0,background,right1C1 C1B1 B1B0 B0A0 A0left0
369,1164.43,left0,top2,outer,left0A0 A0A1 A1A2 A2B2 B2C2 C2top2
370,1172.24,right0,bottom2,background,right0C0 C0bottom2
371,1179.50,right2,top0,background,right2C2 C2B2 B2A2 A2top0
372,1179.85,bottom0,bottom2,background,bottom0A0 A0B0 B0C0 C0bottom2
373,1185.33,top2,bottom2,background,top2C2 C2C1 C1C0 C0bottom2
374,1186.83,left0,top1,background,left0A0 A0B0 B0B1 B1B2 B2top1
375,1187.48,top1,top0,background,top1B2 B2A2 A2top0
376,1188.83,right0,top0,background,right0C0 C0B0 B0B1 B1A1 A1A2 A2top0
377,1189.59,bottom0,right1,background,bottom0A0 A0A1 A1B1 B1C1 C1right1
378,1195.78,bottom2,right0,background,bottom2C0 C0right0
379,1205.48,left0,top2,center,left0A0 A0B0 B0B1 B1C1 C1C2 C2top2
380,1206.29,bottom1,top1,background,bottom1B0 B0B1 B1B2 B2top1
381,1209.97,bottom2,left0,background,bottom2C0 C0B0 B0A0 A0left0
382,1211.27,left0,top2,outer,left0A0 A0A1 A1A2 A2B2 B2C2 C2top2
383,1213.46,left2,right0,background,left2A2 A2B2 B2B1 B1B0 B0C0 C0right0
384,1216.30,bottom1,bottom0,background,bottom1B0 B0A0 A0bottom0
385,1224.14,top0,top2,background,top0A2 A2B2 B2C2 C2top2
386,1224.73,right0,right1,background,right0C0 C0C1 C1right1
387,1224.82,right1,left1,background,right1C1 C1B1 B1A1 A1left1
388,1227.98,right2,left2,background,right2C2 C2B2 B2A2 A2left2
389,1233.73,top2,right2,background,top2C2 C2right2
390,1233.82,top0,left0,background,top0A2 A2A1 A1A0 A0left0
391,1238.08,top1,top2,background,top1B2 B2C2 C2top2
392,1239.93,bottom0,left2,background,bottom0A0 A0A1 A1A2 A2left2
393,1240.52,right1,left0,background,right1C1 C1B1 B1B0 B0A0 A0left0
394,1243.46,top2,bottom0,background,top2C2 C2C1 C1C0 C0B0 B0A0 A0bottom0
395,1244.60,bottom0,right1,background,bottom0A0 A0A1 A1B1 B1C1 C1right1
396,1247.62,right0,right1,background,right0C0 C0C1 C1right1
397,1248.76,left0,top2,center,left0A0 A0B0 B0B1 B1C1 C1C2 C2top2
398,1249.02,bottom2,top0,background,bottom2C0 C0B0 B0A0 A0A1 A1A2 A2top0
399,1249.87,top2,right1,background,top2C2 C2C1 C1right1
400,1251.18,bottom1,right1,background,bottom1B0 B0B1 B1C1 C1right1
401,1259.06,right0,right1,background,right0C0 C0C1 C1right1
402,1259.06,top0,right0,background,top0A2 A2A1 A1A0 A0B0 B0C0 C0right0
403,1259.97,left2,bottom1,background,left2A2 A2A1 A1B1 B1B0 B0bottom1
404,1264.57,right0,top1,background,right0C0 C0C1 C1B1 B1B2 B2top1
405,1265.52,left1,top1,background,left1A1 A1A2 A2B2 B2top1
406,1295.02,bottom1,left2,background,bottom1B0 B0B1 B1B2 B2A2 A2left2
407,1302.03,top2,left0,background,top2C2 C2B2 B2B1 B1B0 B0A0 A0left0
408,1306.00,top1,left1,background,top1B2 B2B1 B1A1 A1left1
409,1310.60,bottom0,top2,background,bottom0A0 A0B0 B0B1 B1B2 B2C2 C2top2
410,1311.46,left0,top2,center,left0A0 A0B0 B0B1 B1C1 C1C2 C2top2
411,1312.54,bottom1,bottom0,background,bottom1B0 B0A0 A0bottom0
412,1318.83,top2,left1,background,top2C2 C2C1 C1B1 B1A1 A1left1
413,1320.30,right2,bottom2,background,right2C2 C2C1 C1C0 C0bottom2
414,1321.07,bottom2,right2,background,bottom2C0 C0C1 C1C2 C2right2
415,1322.89,left0,right2,background,left0A0 A0A1 A1B1 B1C1 C1C2 C2right2
416,1323.05,right0,top1,background,right0C0 C0B0 B0B1 B1B2 B2top1
417,1325.97,left1,bottom2,background,left1A1 A1A0 A0B0 B0C0 C0bottom2
418,1327.76,right0,top0,background,right0C0 C0B0 B0B1 B1B2 B2A2 A2top0
419,1328.27,left2,top2,background,left2A2 A2B2 B2C2 C2top2
420,1329.69,top2,bottom2,background,top2C2 C2C1 C1C0 C0bottom2
421,1333.89,top0,left2,background,top0A2 A2left2
422,1334.21,left0,top2,outer,left0A0 A0A1 A1A2 A2B2 B2C2 C2top2
423,1334.99,top1,right2,background,top1B2 B2C2 C2right2
424,1339.20,left2,left0,background,left2A2 A2A1 A1A0 A0left0
425,1339.68,top1,top2,background,top1B2 B2C2 C2top2
426,1341.96,left2,left1,background,left2A2 A2A1 A1left1
427,1343.05,top0,right2,background,top0A2 A2B2 B2C2 C2right2
428,1344.92,left2,right0,background,left2A2 A2B2 B2C2 C2C1 C1C0 C0right0
429,1347.76,top1,top0,background,top1B2 B2A2 A2top0
430,1352.95,left0,top2,outer,left0A0 A0A1 A1A2 A2B2 B2C2 C2top2
431,1354.24,bottom1,bottom2,background,bottom1B0 B0C0 C0bottom2
432,1360.55,bottom2,right2,background,bottom2C0 C0C1 C1C2 C2right2
433,1363.96,left1,right1,background,left1A1 A1B1 B1C1 C1right1
434,1366.33,bottom0,right1,background,bottom0A0 A0A1 A1B1 B1C1 C1right1
435,1376.39,left0,top2,outer,left0A0 A0A1 A1A2 A2B2 B2C2 C2top2
436,1377.60,left0,top2,center,left0A0 A0B0 B0B1 B1C1 C1C2 C2top2
437,1378.91,top1,bottom0,background,top1B2 B2A2 A2A1 A1A0 A0bottom0
438,1380.33,right0,bottom1,background,right0C0 C0B0 B0bottom1
439,1389.14,right2,top0,background,right2C2 C2B2 B2A2 A2top0
440,1390.34,left1,top2,background,left1A1 A1A2 A2B2 B2C2 C2top2
441,1391.85,right0,bottom2,background,right0C0 C0bottom2
442,1393.57,left2,bottom1,background,left2A2 A2A1 A1A0 A0B0 B0bottom1
443,1394.38,right2,right1,background,right2C2 C2C1 C1right1
444,1396.00,left2,bottom0,background,left2A2 A2A1 A1A0 A0bottom0
445,1399.76,top0,bottom2,background,top0A2 A2B2 B2B1 B1C1 C1C0 C0bottom2
446,1407.02,top1,right0,background,top1B2 B2C2 C2C1 C1C0 C0right0
447,1420.27,top0,left0,background,top0A2 A2A1 A1A0 A0left0
448,1423.10,left0,right2,background,left0A0 A0B0 B0B1 B1B2 B2C2 C2right2
449,1429.05,left2,top0,background,left2A2 A2top0
450,1435.49,right2,left2,background,right2C2 C2B2 B2A2 A2left2
451,1436.85,right2,bottom2,background,right2C2 C2C1 C1C0 C0bottom2
452,1440.75,left2,right2,background,left2A2 A2B2 B2C2 C2right2
453,1450.10,left0,top2,outer,left0A0 A0A1 A1A2 A2B2 B2C2 C2top2
454,1452.96,right0,right2,background,right0C0 C0C1 C1C2 C2right2
455,1453.70,top0,top1,background,top0A2 A2B2 B2top1
456,1456.65,bottom1,bottom0,background,bottom1B0 B0A0 A0bottom0
457,1472.24,bottom2,left2,background,bottom2C0 C0C1 C1B1 B1B2 B2A2 A2left2
458,1473.22,left0,top2,center,left0A0 A0B0 B0B1 B1C1 C1C2 C2top2
459,1476.54,bottom2,left0,background,bottom2C0 C0B0 B0A0 A0left0
460,1477.37,left0,top2,outer,left0A0 A0A1 A1A2 A2B2 B2C2 C2top2
461,1477.41,left0,top2,outer,left0A0 A0A1 A1A2 A2B2 B2C2 C2top2
462,1491.32,left0,top2,outer,left0A0 A0A1 A1A2 A2B2 B2C2 C2top2
463,1492.69,top0,right2,background,top0A2 A2B2 B2C2 C2right2
464,1495.11,bottom1,top1,background,bottom1B0 B0B1 B1B2 B2top1
465,1495.17,bottom2,bottom1,background,bottom2C0 C0B0 B0bottom1
466,1496.03,right2,bottom2,background,right2C2 C2C1 C1C0 C0bottom2
467,1499.64,bottom2,right2,background,bottom2C0 C0C1 C1C2 C2right2
468,1503.37,right0,left2,background,right0C0 C0C1 C1C2 C2B2 B2A2 A2left2
469,1511.54,right1,top1,background,right1C1 C1C2 C2B2 B2top1
470,1513.78,left1,top2,background,left1A1 A1A2 A2B2 B2C2 C2top2
471,1514.68,left0,top2,outer,left0A0 A0A1 A1A2 A2B2 B2C2 C2top2
472,1515.56,top0,left0,background,top0A2 A2A1 A1A0 A0left0
473,1517.97,bottom1,right1,background,bottom1B0 B0B1 B1C1 C1right1
474,1518.09,bottom0,bottom1,background,bottom0A0 A0B0 B0bottom1
475,1521.02,top2,right0,background,top2C2 C2C1 C1C0 C0right0
476,1521.14,top2,top0,background,top2C2 C2B2 B2A2 A2top0
477,1522.86,left0,bottom2,background,left0A0 A0B0 B0C0 C0bottom2
478,1526.53,bottom0,top0,background,bottom0A0 A0A1 A1A2 A2top0
479,1527.42,right2,top0,background,right2C2 C2B2 B2A2 A2top0
480,1527.81,right1,right2,background,right1C1 C1C2 C2right2
481,1528.71,right0,right1,background,right0C0 C0C1 C1right1
482,1530.28,top2,top1,background,top2C2 C2B2 B2top1
483,1532.61,left0,top2,center,left0A0 A0B0 B0B1 B1C1 C1C2 C2top2
484,1535.36,bottom0,right2,background,bottom0A0 A0B0 B0B1 B1C1 C1C2 C2right2
485,1536.37,left0,top2,outer,left0A0 A0A1 A1A2 A2B2 B2C2 C2top2
486,1539.93,bottom2,left0,background,bottom2C0 C0B0 B0A0 A0left0
487,1540.79,right2,right0,background,right2C2 C2C1 C1C0 C0right0
488,1544.38,right0,right1,background,right0C0 C0C1 C1right1
489,1545.59,right1,left2,background,right1C1 C1B1 B1B2 B2A2 A2left2
490,1553.16,bottom0,right2,background,bottom0A0 A0B0 B0B1 B1B2 B2C2 C2right2
491,1554.95,right0,top1,background,right0C0 C0C1 C1B1 B1B2 B2top1
492,1557.25,top1,top2,background,top1B2 B2C2 C2top2
493,1558.86,left0,top2,center,left0A0 A0B0 B0B1 B1C1 C1C2 C2top2
494,1560.02,right1,right0,background,right1C1 C1C0 C0right0
495,1568.07,top2,right2,background,top2C2 C2right2
496,1570.20,top1,left0,background,top1B2 B2B1 B1B0 B0A0 A0left0
497,1573.22,left0,top2,outer,left0A0 A0A1 A1A2 A2B2 B2C2 C2top2
498,1579.17,top1,right2,background,top1B2 B2C2 C2right2
499,1581.35,left1,bottom0,background,left1A1 A1A0 A0bottom0
500,1581.88,top2,top1,background,top2C2 C2B2 B2top1
501,1583.83,top1,top2,background,top1B2 B2C2 C2top2
502,1587.61,right1,left2,background,right1C1 C1B1 B1A1 A1A2 A2left2
503,1591.15,bottom2,right2,background,bottom2C0 C0C1 C1C2 C2right2
504,1591.46,left0,top2,outer,left0A0 A0A1 A1A2 A2B2 B2C2 C2top2
505,1596.41,bottom0,left1,background,bottom0A0 A0A1 A1left1
506,1597.41,bottom1,top0,background,bottom1B0 B0A0 A0A1 A1A2 A2top0
507,1598.86,top2,right0,background,top2C2 C2C1 C1C0 C0right0
508,1602.19,left0,top1,background,left0A0 A0B0 B0B1 B1B2 B2top1
509,1602.33,bottom2,right1,background,bottom2C0 C0C1 C1right1
510,1603.51,left0,top2,outer,left0A0 A0A1 A1A2 A2B2 B2C2 C2top2
511,1603.56,right1,left1,background,right1C1 C1B1 B1A1 A1left1
512,1605.22,right2,top0,background,right2C2 C2B2 B2A2 A2top0
513,1606.96,left0,top2,outer,left0A0 A0A1 A1A2 A2B2 B2C2 C2top2
514,1608.61,left0,top2,outer,left0A0 A0A1 A1A2 A2B2 B2C2 C2top2
515,1613.33,bottom2,left2,background,bottom2C0 C0C1 C1C2 C2B2 B2A2 A2left2
516,1629.19,bottom2,bottom1,background,bottom2C0 C0B0 B0bottom1
517,1630.40,right2,bottom1,background,right2C2 C2B2 B2B1 B1B0 B0bottom1
518,1631.89,top2,top1,background,top2C2 C2B2 B2top1
519,1632.50,left2,bottom2,background,left2A2 A2A1 A1A0 A0B0 B0C0 C0bottom2
520,1634.94,bottom1,left2,background,bottom1B0 B0A0 A0A1 A1A2 A2left2
521,1637.78,left1,top0,background,left1A1 A1A2 A2top0
522,1640.53,bottom1,left2,background,bottom1B0 B0B1 B1A1 A1A2 A2left2
523,1643.92,bottom2,bottom1,background,bottom2C0 C0B0 B0bottom1
524,1647.67,left2,bottom1,background,left2A2 A2B2 B2B1 B1B0 B0bottom1
525,1647.82,bottom1,left0,background,bottom1B0 B0A0 A0left0
526,1653.75,top0,left0,background,top0A2 A2A1 A1A0 A0left0
527,1658.20,left0,top2,outer,left0A0 A0A1 A1A2 A2B2 B2C2 C2top2
528,1659.47,bottom1,left0,background,bottom1B0 B0A0 A0left0
529,1668.64,bottom1,left2,background,bottom1B0 B0B1 B1A1 A1A2 A2left2
530,1670.27,bottom0,left0,background,bottom0A0 A0left0
531,1675.74,right1,right0,background,right1C1 C1C0 C0right0
532,1679.77,bottom1,right0,background,bottom1B0 B0C0 C0right0
533,1680.90,left2,left1,background,left2A2 A2A1 A1left1
534,1687.80,bottom2,left0,background,bottom2C0 C0B0 B0A0 A0left0
535,1688.64,bottom1,right1,background,bottom1B0 B0C0 C0C1 C1right1
536,1690.79,right1,bottom2,background,right1C1 C1C0 C0bottom2
537,1695.90,left1,bottom1,background,left1A1 A1B1 B1B0 B0bottom1
538,1697.24,left0,top2,outer,left0A0 A0A1 A1A2 A2B2 B2C2 C2top2
539,1702.33,top1,bottom0,background,top1B2 B2B1 B1A1 A1A0 A0bottom0
540,1702.90,top1,top2,background,top1B2 B2C2 C2top2
541,1706.50,right1,bottom1,background,right1C1 C1C0 C0B0 B0bottom1
542,1707.41,top1,top0,background,top1B2 B2A2 A2top0
543,1708.28,bottom2,bottom0,background,bottom2C0 C0B0 B0A0 A0bottom0
544,1709.59,left2,top2,background,left2A2 A2B2 B2C2 C2top2
545,1713.88,bottom2,right0,background,bottom2C0 C0right0
546,1713.93,left0,top2,center,left0A0 A0B0 B0B1 B1C1 C1C2 C2top2
547,1714.93,top0,right2,background,top0A2 A2B2 B2C2 C2right2
548,1717.27,right2,top1,background,right2C2 C2B2 B2top1
549,1719.68,bottom1,right0,background,bottom1B0 B0C0 C0right0
550,1724.46,left1,top1,background,left1A1 A1B1 B1B2 B2top1
551,1724.81,right2,top2,background,right2C2 C2top2
552,1726.41,left1,left0,background,left1A1 A1A0 A0left0
553,1727.46,right1,top0,background,right1C1 C1B1 B1A1 A1A2 A2top0
554,1728.92,left2,right2,background,left2A2 A2B2 B2C2 C2right2
555,1729.14,top1,bottom1,background,top1B2 B2B1 B1B0 B0bottom1
556,1729.65,top0,bottom1,background,top0A2 A2A1 A1A0 A0B0 B0bottom1
557,1734.02,left0,top2,center,left0A0 A0B0 B0B1 B1C1 C1C2 C2top2
558,1735.34,left0,top2,outer,left0A0 A0A1 A1A2 A2B2 B2C2 C2top2
559,1742.86,left2,top0,background,left2A2 A2top0
560,1747.48,top2,left1,background,top2C2 C2B2 B2B1 B1A1 A1left1
561,1748.17,bottom0,left0,background,bottom0A0 A0left0
562,1748.95,bottom2,left2,background,bottom2C0 C0B0 B0A0 A0A1 A1A2 A2left2
563,1749.27,top0,right0,background,top0A2 A2A1 A1A0 A0B0 B0C0 C0right0
564,1750.38,top1,top0,background,top1B2 B2A2 A2top0
565,1750.98,bottom0,right2,background,bottom0A0 A0B0 B0B1 B1C1 C1C2 C2right2
566,1753.95,left1,right1,background,left1A1 A1B1 B1C1 C1right1
567,1757.60,bottom1,right2,background,bottom1B0 B0C0 C0C1 C1C2 C2right2
568,1757.83,left0,top2,center,left0A0 A0B0 B0B1 B1C1 C1C2 C2top2
569,1766.52,left0,top2,center,left0A0 A0B0 B0B1 B1C1 C1C2 C2top2
570,1768.34,top2,top1,background,top2C2 C2B2 B2top1
571,1768.49,left0,top2,center,left0A0 A0B0 B0B1 B1C1 C1C2 C2top2
572,1768.68,top1,right0,background,top1B2 B2C2 C2C1 C1C0 C0right0
573,1771.55,right0,left0,background,right0C0 C0B0 B0A0 A0left0
574,1777.02,left2,top0,background,left2A2 A2top0
575,1777.95,right0,left0,background,right0C0 C0B0 B0A0 A0left0
576,1778.27,left2,top0,background,left2A2 A2top0
577,1779.49,left0,top2,center,left0A0 A0B0 B0B1 B1C1 C1C2 C2top2
578,1782.62,left1,right0,background,left1A1 A1B1 B1C1 C1C0 C0right0
579,1785.41,left0,top2,center,left0A0 A0B0 B0B1 B1C1 C1C2 C2top2
580,1789.33,right0,bottom2,background,right0C0 C0bottom2
581,1790.31,right1,bottom1,background,right1C1 C1C0 C0B0 B0bottom1
582,1790.74,right1,left1,background,right1C1 C1B1 B1A1 A1left1
583,1795.37,top0,top2,background,top0A2 A2B2 B2C2 C2top2
584,1795.91,left2,top1,background,left2A2 A2B2 B2top1
585,1798.20,left0,top2,center,left0A0 A0B0 B0B1 B1C1 C1C2 C2top2
586,1798.87,bottom2,top1,background,bottom2C0 C0C1 C1B1 B1B2 B2top1
587,1807.58,right2,left2,background,right2C2 C2B2 B2A2 A2left2
588,1811.09,right2,left0,background,right2C2 C2C1 C1B1 B1B0 B0A0 A0left0
589,1815.37,left0,top2,outer,left0A0 A0A1 A1A2 A2B2 B2C2 C2top2
590,1816.10,bottom1,top2,background,bottom1B0 B0C0 C0C1 C1C2 C2top2
591,1823.28,left0,top2,center,left0A0 A0B0 B0B1 B1C1 C1C2 C2top2
592,1826.40,right0,right1,background,right0C0 C0C1 C1right1
593,1828.18,right0,bottom0,background,right0C0 C0B0 B0A0 A0bottom0
594,1831.76,bottom1,bottom2,background,bottom1B0 B0C0 C0bottom2
595,1832.99,left1,right2,background,left1A1 A1B1 B1C1 C1C2 C2right2
596,1833.11,left1,bottom1,background,left1A1 A1B1 B1B0 B0bottom1
597,1840.65,right2,top1,background,right2C2 C2B2 B2top1
598,1843.86,top2,left0,background,top2C2 C2B2 B2B1 B1B0 B0A0 A0left0
599,1845.83,left0,top2,outer,left0A0 A0A1 A1A2 A2B2 B2C2 C2top2
600,1849.27,left1,top0,background,left1A1 A1A2 A2top0
601,1851.89,top1,top0,background,top1B2 B2A2 A2top0
602,1857.30,top2,bottom1,background,top2C2 C2B2 B2B1 B1B0 B0bottom1
603,1862.30,bottom0,right2,background,bottom0A0 A0B0 B0C0 C0C1 C1C2 C2right2
604,1871.67,left2,top1,background,left2A2 A2B2 B2top1
605,1881.22,left1,right1,background,left1A1 A1B1 B1C1 C1right1
606,1884.68,left0,top2,center,left0A0 A0B0 B0B1 B1C1 C1C2 C2top2
607,1888.66,left0,top2,outer,left0A0 A0A1 A1A2 A2B2 B2C2 C2top2
608,1889.14,top0,bottom1,background,top0A2 A2B2 B2B1 B1B0 B0bottom1
609,1890.08,bottom0,right0,background,bottom0A0 A0B0 B0C0 C0right0
610,1891.84,top1,bottom0,background,top1B2 B2A2 A2A1 A1A0 A0bottom0
611,1894.12,top2,top0,background,top2C2 C2B2 B2A2 A2top0
612,1894.94,left0,top2,outer,left0A0 A0A1 A1A2 A2B2 B2C2 C2top2
613,1897.14,left2,bottom2,background,left2A2 A2A1 A1A0 A0B0 B0C0 C0bottom2
614,1901.91,bottom1,left2,background,bottom1B0 B0A0 A0A1 A1A2 A2left2
615,1902.27,top0,bottom2,background,top0A2 A2A1 A1B1 B1B0 B0C0 C0bottom2
616,1903.19,bottom2,left2,background,bottom2C0 C0B0 B0A0 A0A1 A1A2 A2left2
617,1904.35,right1,top1,background,right1C1 C1C2 C2B2 B2top1
618,1904.78,left1,bottom0,background,left1A1 A1A0 A0bottom0
619,1905.04,right2,bottom1,background,right2C2 C2B2 B2B1 B1B0 B0bottom1
620,1905.67,left1,bottom2,background,left1A1 A1B1 B1B0 B0C0 C0bottom2
621,1906.46,left0,top2,outer,left0A0 A0A1 A1A2 A2B2 B2C2 C2top2
622,1906.63,left2,bottom0,background,left2A2 A2A1 A1A0 A0bottom0
623,1907.26,top1,right0,background,top1B2 B2C2 C2C1 C1C0 C0right0
624,1907.96,bottom2,right2,background,bottom2C0 C0C1 C1C2 C2right2
625,1908.50,left1,left0,background,left1A1 A1A0 A0left0
626,1916.54,top2,right2,background,top2C2 C2right2
627,1917.99,left0,top2,outer,left0A0 A0A1 A1A2 A2B2 B2C2 C2top2
628,1918.25,top1,right0,background,top1B2 B2C2 C2C1 C1C0 C0right0
629,1920.80,left0,top2,outer,left0A0 A0A1 A1A2 A2B2 B2C2 C2top2
630,1921.54,top0,right0,background,top0A2 A2B2 B2B1 B1B0 B0C0 C0right0
631,1922.16,top0,bottom0,background,top0A2 A2A1 A1A0 A0bottom0
632,1924.88,right0,right2,background,right0C0 C0C1 C1C2 C2right2
633,1925.28,top1,left0,background,top1B2 B2B1 B1A1 A1A0 A0left0
634,1925.73,left0,bottom1,background,left0A0 A0B0 B0bottom1
635,1932.38,top0,bottom2,background,top0A2 A2B2 B2C2 C2C1 C1C0 C0bottom2
636,1942.81,top0,bottom2,background,top0A2 A2B2 B2C2 C2C1 C1C0 C0bottom2
637,1943.52,top0,top2,background,top0A2 A2B2 B2C2 C2top2
638,1947.59,left0,top2,outer,left0A0 A0A1 A1A2 A2B2 B2C2 C2top2
639,1948.80,right2,bottom2,background,right2C2 C2C1 C1C0 C0bottom2
640,1949.11,left1,bottom2,background,left1A1 A1B1 B1C1 C1C0 C0bottom2
641,1953.72,right2,bottom1,background,right2C2 C2C1 C1B1 B1B0 B0bottom1
642,1955.77,top2,left1,background,top2C2 C2B2 B2A2 A2A1 A1left1
643,1964.75,left0,top2,center,left0A0 A0B0 B0B1 B1C1 C1C2 C2top2
644,1966.19,top2,top1,background,top2C2 C2B2 B2top1
645,1968.27,right1,left2,background,right1C1 C1C2 C2B2 B2A2 A2left2
646,1968.91,right0,bottom0,background,right0C0 C0B0 B0A0 A0bottom0
647,1970.78,right0,left1,background,right0C0 C0C1 C1B1 B1A1 A1left1
648,1971.67,right0,top0,background,right0C0 C0B0 B0B1 B1B2 B2A2 A2top0
649,1972.06,right0,top1,background,right0C0 C0B0 B0B1 B1B2 B2top1
650,1974.87,top1,left1,background,top1B2 B2B1 B1A1 A1left1
651,1975.54,left2,top1,background,left2A2 A2B2 B2top1
652,1979.25,right2,right1,background,right2C2 C2C1 C1right1
653,1980.38,bottom1,left1,background,bottom1B0 B0A0 A0A1 A1left1
654,1985.69,right1,bottom2,background,right1C1 C1C0 C0bottom2
655,1987.13,top1,left0,background,top1B2 B2A2 A2A1 A1A0 A0left0
656,1988.57,top1,left1,background,top1B2 B2A2 A2A1 A1left1
657,1989.12,top2,top0,background,top2C2 C2B2 B2A2 A2top0
658,1995.00,left0,top2,center,left0A0 A0B0 B0B1 B1C1 C1C2 C2top2
659,1995.84,top2,left2,background,top2C2 C2B2 B2A2 A2left2
660,1997.02,bottom1,top1,background,bottom1B0 B0B1 B1B2 B2top1
661,2000.06,top1,right1,background,top1B2 B2B1 B1C1 C1right1
662,2008.20,right0,bottom1,background,right0C0 C0B0 B0bottom1
663,2009.40,top0,right0,background,top0A2 A2B2 B2C2 C2C1 C1C0 C0right0
664,2022.28,left0,top2,center,left0A0 A0B0 B0B1 B1C1 C1C2 C2top2
665,2036.29,top1,top2,background,top1B2 B2C2 C2top2
666,2039.54,right0,top0,background,right0C0 C0C1 C1B1 B1B2 B2A2 A2top0
667,2045.61,left0,top2,outer,left0A0 A0A1 A1A2 A2B2 B2C2 C2top2
668,2047.38,right1,top0,background,right1C1 C1C2 C2B2 B2A2 A2top0
669,2049.08,bottom1,top1,background,bottom1B0 B0B1 B1B2 B2top1
670,2055.04,right1,bottom2,background,right1C1 C1C0 C0bottom2
671,2055.87,left2,left0,background,left2A2 A2A1 A1A0 A0left0
672,2056.53,left0,top2,outer,left0A0 A0A1 A1A2 A2B2 B2C2 C2top2
673,2061.51,left0,top2,outer,left0A0 A0A1 A1A2 A2B2 B2C2 C2top2
674,2061.58,right1,top0,background,right1C1 C1B1 B1B2 B2A2 A2top0
675,2062.15,top0,left2,background,top0A2 A2left2
676,2063.00,bottom0,right1,background,bottom0A0 A0A1 A1B1 B1C1 C1right1
677,2063.39,right0,left0,background,right0C0 C0B0 B0A0 A0left0
678,2076.00,top2,top0,background,top2C2 C2B2 B2A2 A2top0
679,2076.14,left0,top2,outer,left0A0 A0A1 A1A2 A2B2 B2C2 C2top2
680,2077.41,left1,bottom0,background,left1A1 A1A0 A0bottom0
681,2083.61,left2,bottom1,background,left2A2 A2B2 B2B1 B1B0 B0bottom1
682,2085.79,bottom0,left2,background,bottom0A0 A0A1 A1A2 A2left2
683,2088.34,top1,right2,background,top1B2 B2C2 C2right2
684,2100.73,left0,right0,background,left0A0 A0B0 B0C0 C0right0
685,2104.43,top0,left2,background,top0A2 A2left2
686,2109.33,bottom2,left0,background,bottom2C0 C0B0 B0A0 A0left0
687,2112.60,bottom2,top2,background,bottom2C0 C0C1 C1C2 C2top2
688,2113.35,bottom1,bottom0,background,bottom1B0 B0A0 A0bottom0
689,2119.77,left0,top2,center,left0A0 A0B0 B0B1 B1C1 C1C2 C2top2
690,2140.31,right0,left0,background,right0C0 C0B0 B0A0 A0left0
691,2143.58,left0,top2,center,left0A0 A0B0 B0B1 B1C1 C1C2 C2top2
692,2144.99,top0,bottom1,background,top0A2 A2A1 A1B1 B1B0 B0bottom1
693,2147.54,left2,top0,background,left2A2 A2top0
694,2153.15,left2,right0,background,left2A2 A2B2 B2B1 B1B0 B0C0 C0right0
695,2153.62,bottom2,right1,background,bottom2C0 C0C1 C1right1
696,2156.20,top1,bottom2,background,top1B2 B2B1 B1B0 B0C0 C0bottom2
697,2159.33,left2,bottom0,background,left2A2 A2A1 A1A0 A0bottom0
698,2178.41,left1,bottom0,background,left1A1 A1A0 A0bottom0
699,2178.96,bottom2,top2,background,bottom2C0 C0C1 C1C2 C2top2
700,2181.04,bottom0,top1,background,bottom0A0 A0A1 A1A2 A2B2 B2top1
701,2182.21,left0,top2,outer,left0A0 A0A1 A1A2 A2B2 B2C2 C2top2
702,2186.81,left0,top2,outer,left0A0 A0A1 A1A2 A2B2 B2C2 C2top2
703,2187.21,right2,bottom0,background,right2C2 C2C1 C1B1 B1B0 B0A0 A0bottom0
704,2189.53,bottom1,left2,background,bottom1B0 B0B1 B1A1 A1A2 A2left2
705,2203.01,right2,left1,background,right2C2 C2B2 B2B1 B1A1 A1left1
706,2209.18,right2,bottom1,background,right2C2 C2B2 B2B1 B1B0 B0bottom1
707,2215.54,top1,top2,background,top1B2 B2C2 C2top2
708,2218.06,left1,right1,background,left1A1 A1B1 B1C1 C1right1
709,2224.86,right1,left0,background,right1C1 C1B1 B1A1 A1A0 A0left0
710,2231.20,top1,top2,background,top1B2 B2C2 C2top2
711,2234.85,right1,right2,background,right1C1 C1C2 C2right2
712,2248.03,left0,top2,center,left0A0 A0B0 B0B1 B1C1 C1C2 C2top2
713,2252.46,right1,bottom0,background,right1C1 C1B1 B1A1 A1A0 A0bottom0
714,2262.97,bottom1,top2,background,bottom1B0 B0B1 B1B2 B2C2 C2top2
715,2264.25,right0,top2,background,right0C0 C0C1 C1C2 C2top2
716,2277.98,top2,bottom0,background,top2C2 C2B2 B2B1 B1A1 A1A0 A0bottom0
717,2280.58,left0,top2,center,left0A0 A0B0 B0B1 B1C1 C1C2 C2top2
718,2280.91,bottom1,right0,background,bottom1B0 B0C0 C0right0
719,2282.04,left1,right2,background,left1A1 A1A2 A2B2 B2C2 C2right2
720,2282.18,left0,bottom2,background,left0A0 A0B0 B0C0 C0bottom2
721,2284.42,bottom0,left0,background,bottom0A0 A0left0
722,2285.99,bottom0,top0,background,bottom0A0 A0A1 A1A2 A2top0
723,2292.66,bottom1,top2,background,bottom1B0 B0B1 B1B2 B2C2 C2top2
724,2296.55,bottom0,right0,background,bottom0A0 A0B0 B0C0 C0right0
725,2298.95,left1,bottom2,background,left1A1 A1A0 A0B0 B0C0 C0bottom2
726,2301.95,top1,top0,background,top1B2 B2A2 A2top0
727,2305.09,top1,bottom2,background,top1B2 B2B1 B1B0 B0C0 C0bottom2
728,2307.55,top0,bottom2,background,top0A2 A2A1 A1B1 B1B0 B0C0 C0bottom2
729,2309.38,left0,top0,background,left0A0 A0A1 A1A2 A2top0
730,2316.42,left1,top0,background,left1A1 A1A2 A2top0
731,2317.94,left2,right0,background,left2A2 A2A1 A1B1 B1B0 B0C0 C0right0
732,2318.15,bottom1,top2,background,bottom1B0 B0C0 C0C1 C1C2 C2top2
733,2319.34,right1,right0,background,right1C1 C1C0 C0right0
734,2320.68,left2,bottom1,background,left2A2 A2A1 A1B1 B1B0 B0bottom1
735,2323.90,top0,right0,background,top0A2 A2A1 A1B1 B1C1 C1C0 C0right0
736,2326.06,right2,bottom0,background,right2C2 C2C1 C1C0 C0B0 B0A0 A0bottom0
737,2334.70,right1,bottom2,background,right1C1 C1C0 C0bottom2
738,2344.38,right1,bottom0,background,right1C1 C1B1 B1B0 B0A0 A0bottom0
739,2345.61,bottom1,top0,background,bottom1B0 B0A0 A0A1 A1A2 A2top0
740,2346.07,left0,top2,outer,left0A0 A0A1 A1A2 A2B2 B2C2 C2top2
741,2348.34,bottom0,bottom1,background,bottom0A0 A0B0 B0bottom1
742,2351.00,bottom0,bottom1,background,bottom0A0 A0B0 B0bottom1
743,2355.90,left0,top2,center,left0A0 A0B0 B0B1 B1C1 C1C2 C2top2
744,2356.91,right2,top0,background,right2C2 C2B2 B2A2 A2top0
745,2360.70,left0,top2,outer,left0A0 A0A1 A1A2 A2B2 B2C2 C2top2
746,2361.89,bottom2,right1,background,bottom2C0 C0C1 C1right1
747,2363.85,right0,top2,background,right0C0 C0C1 C1C2 C2top2
748,2372.91,right0,left2,background,right0C0 C0C1 C1C2 C2B2 B2A2 A2left2
749,2373.62,left0,top2,center,left0A0 A0B0 B0B1 B1C1 C1C2 C2top2
750,2374.92,left1,right2,background,left1A1 A1B1 B1C1 C1C2 C2right2
751,2374.92,bottom1,right1,background,bottom1B0 B0C0 C0C1 C1right1
752,2376.51,left2,top2,background,left2A2 A2B2 B2C2 C2top2
753,2387.77,right1,top1,background,right1C1 C1B1 B1B2 B2top1
754,2394.68,top1,left2,background,top1B2 B2A2 A2left2
755,2396.06,left2,top0,background,left2A2 A2top0
756,2400.43,top1,top0,background,top1B2 B2A2 A2top0
757,2401.46,bottom0,right0,background,bottom0A0 A0B0 B0C0 C0right0
758,2405.35,left1,top2,background,left1A1 A1B1 B1B2 B2C2 C2top2
759,2408.11,right2,left2,background,right2C2 C2B2 B2A2 A2left2
760,2416.57,left1,left0,background,left1A1 A1A0 A0left0
761,2417.81,top0,bottom2,background,top0A2 A2B2 B2B1 B1C1 C1C0 C0bottom2
762,2418.55,right1,bottom2,background,right1C1 C1C0 C0bottom2
763,2418.86,top2,left2,background,top2C2 C2B2 B2A2 A2left2
764,2422.91,bottom0,left2,background,bottom0A0 A0A1 A1A2 A2left2
765,2423.95,left1,right1,background,left1A1 A1B1 B1C1 C1right1
766,2427.43,bottom1,top2,background,bottom1B0 B0C0 C0C1 C1C2 C2top2
767,2428.40,top1,right0,background,top1B2 B2B1 B1C1 C1C0 C0right0
768,2433.24,bottom0,bottom2,background,bottom0A0 A0B0 B0C0 C0bottom2
769,2434.53,bottom1,bottom2,background,bottom1B0 B0C0 C0bottom2
770,2439.10,top1,left0,background,top1B2 B2B1 B1A1 A1A0 A0left0
771,2442.06,right0,right1,background,right0C0 C0C1 C1right1
772,2454.49,left1,top0,background,left1A1 A1A2 A2top0
773,2460.64,left0,top2,center,left0A0 A0B0 B0B1 B1C1 C1C2 C2top2
774,2461.77,top0,top2,background,top0A2 A2B2 B2C2 C2top2
775,2461.84,left0,top2,outer,left0A0 A0A1 A1A2 A2B2 B2C2 C2top2
776,2463.73,left1,top1,background,left1A1 A1A2 A2B2 B2top1
777,2466.12,left0,top2,outer,left0A0 A0A1 A1A2 A2B2 B2C2 C2top2
778,2470.50,top0,bottom2,background,top0A2 A2A1 A1B1 B1C1 C1C0 C0bottom2
779,2473.20,top0,right1,background,top0A2 A2B2 B2C2 C2C1 C1right1
780,2475.68,bottom2,right2,background,bottom2C0 C0C1 C1C2 C2right2
781,2481.05,left2,right2,background,left2A2 A2B2 B2C2 C2right2
782,2482.14,right2,bottom1,background,right2C2 C2B2 B2B1 B1B0 B0bottom1
783,2487.63,right1,left2,background,right1C1 C1C2 C2B2 B2A2 A2left2
784,2489.17,left0,top2,outer,left0A0 A0A1 A1A2 A2B2 B2C2 C2top2
785,2490.56,left0,top2,center,left0A0 A0B0 B0B1 B1C1 C1C2 C2top2
786,2490.77,left1,top0,background,left1A1 A1A2 A2top0
787,2495.45,bottom2,top1,background,bottom2C0 C0C1 C1C2 C2B2 B2top1
788,2497.41,left1,top0,background,left1A1 A1A2 A2top0
789,2498.90,right1,bottom0,background,right1C1 C1C0 C0B0 B0A0 A0bottom0
790,2505.93,right2,left2,background,right2C2 C2B2 B2A2 A2left2
791,2510.04,left1,left0,background,left1A1 A1A0 A0left0
792,2515.92,left0,top2,outer,left0A0 A0A1 A1A2 A2B2 B2C2 C2top2
793,2518.07,bottom2,right1,background,bottom2C0 C0C1 C1right1
794,2524.11,bottom0,left1,background,bottom0A0 A0A1 A1left1
795,2525.20,left0,top2,center,left0A0 A0B0 B0B1 B1C1 C1C2 C2top2
796,2525.39,left0,top2,outer,left0A0 A0A1 A1A2 A2B2 B2C2 C2top2
797,2527.04,right1,bottom0,background,right1C1 C1C0 C0B0 B0A0 A0bottom0
798,2532.24,top2,right2,background,top2C2 C2right2
799,2533.77,right0,left1,background,right0C0 C0C1 C1B1 B1A1 A1left1
800,2537.04,right1,left0,background,right1C1 C1C0 C0B0 B0A0 A0left0
801,2540.15,top1,bottom0,background,top1B2 B2B1 B1B0 B0A0 A0bottom0
802,2542.93,bottom2,top0,background,bottom2C0 C0B0 B0A0 A0A1 A1A2 A2top0
803,2548.92,top2,top1,background,top2C2 C2B2 B2top1
804,2562.68,bottom2,top2,background,bottom2C0 C0C1 C1C2 C2top2
805,2571.33,top2,bottom1,background,top2C2 C2B2 B2B1 B1B0 B0bottom1
806,2572.57,right2,left0,background,right2C2 C2B2 B2B1 B1A1 A1A0 A0left0
807,2574.86,bottom2,right0,background,bottom2C0 C0right0
808,2576.53,top1,top0,background,top1B2 B2A2 A2top0
809,2581.08,left0,bottom1,background,left0A0 A0B0 B0bottom1
810,2583.66,bottom1,bottom2,background,bottom1B0 B0C0 C0bottom2
811,2585.70,bottom0,left0,background,bottom0A0 A0left0
812,2587.22,left2,right1,background,left2A2 A2B2 B2B1 B1C1 C1right1
813,2591.74,bottom2,left0,background,bottom2C0 C0B0 B0A0 A0left0
814,2591.76,left0,top2,outer,left0A0 A0A1 A1A2 A2B2 B2C2 C2top2
815,2594.11,right2,bottom0,background,right2C2 C2C1 C1B1 B1A1 A1A0 A0bottom0
816,2594.37,bottom1,left0,background,bottom1B0 B0A0 A0left0
817,2597.47,right2,left1,background,right2C2 C2C1 C1B1 B1A1 A1left1
818,2600.45,left2,bottom0,background,left2A2 A2A1 A1A0 A0bottom0
819,2603.91,bottom1,left1,background,bottom1B0 B0B1 B1A1 A1left1
820,2606.34,left2,bottom2,background,left2A2 A2B2 B2C2 C2C1 C1C0 C0bottom2
821,2611.57,right0,right1,background,right0C0 C0C1 C1right1
822,2613.74,left1,right1,background,left1A1 A1B1 B1C1 C1right1
823,2627.14,left1,bottom1,background,left1A1 A1A0 A0B0 B0bottom1
824,2629.72,bottom0,top2,background,bottom0A0 A0A1 A1A2 A2B2 B2C2 C2top2
825,2635.47,right1,top1,background,right1C1 C1C2 C2B2 B2top1
826,2639.00,top0,right2,background,top0A2 A2B2 B2C2 C2right2
827,2639.24,top0,right1,background,top0A2 A2B2 B2B1 B1C1 C1right1
828,2639.49,top0,left2,background,top0A2 A2left2
829,2641.09,right0,right1,background,right0C0 C0C1 C1right1
830,2644.55,left0,top2,center,left0A0 A0B0 B0B1 B1C1 C1C2 C2top2
831,2646.00,bottom0,top2,background,bottom0A0 A0B0 B0C0 C0C1 C1C2 C2top2
832,2651.93,top2,left2,background,top2C2 C2B2 B2A2 A2left2
833,2656.85,bottom2,right0,background,bottom2C0 C0right0
834,2665.10,top0,bottom0,background,top0A2 A2A1 A1A0 A0bottom0
835,2667.13,right2,bottom1,background,right2C2 C2C1 C1B1 B1B0 B0bottom1
836,2667.88,right2,bottom0,background,right2C2 C2B2 B2A2 A2A1 A1A0 A0bottom0
837,2667.98,left0,top2,center,left0A0 A0B0 B0B1 B1C1 C1C2 C2top2
838,2673.21,left0,top2,center,left0A0 A0B0 B0B1 B1C1 C1C2 C2top2
839,2675.56,right0,bottom2,background,right0C0 C0bottom2
840,2683.02,top1,left2,background,top1B2 B2A2 A2left2
841,2686.42,right0,left2,background,right0C0 C0C1 C1B1 B1A1 A1A2 A2left2
842,2687.78,top1,left1,background,top1B2 B2B1 B1A1 A1left1
843,2687.83,left0,right1,background,left0A0 A0B0 B0C0 C0C1 C1right1
844,2687.92,bottom0,right2,background,bottom0A0 A0A1 A1A2 A2B2 B2C2 C2right2
845,2690.45,bottom2,right1,background,bottom2C0 C0C1 C1right1
846,2695.98,right1,top2,background,right1C1 C1C2 C2top2
847,2696.83,left0,top2,center,left0A0 A0B0 B0B1 B1C1 C1C2 C2top2
848,2702.84,right2,left0,background,right2C2 C2B2 B2A2 A2A1 A1A0 A0left0
849,2703.53,right0,right1,background,right0C0 C0C1 C1right1
850,2706.18,right2,bottom0,background,right2C2 C2C1 C1C0 C0B0 B0A0 A0bottom0
851,2713.00,right1,left1,background,right1C1 C1B1 B1A1 A1left1
852,2715.56,right1,top1,background,right1C1 C1B1 B1B2 B2top1
853,2719.49,left2,right0,background,left2A2 A2B2 B2B1 B1B0 B0C0 C0right0
854,2722.37,top0,right1,background,top0A2 A2A1 A1B1 B1C1 C1right1
855,2724.55,left0,top2,outer,left0A0 A0A1 A1A2 A2B2 B2C2 C2top2
856,2725.68,bottom0,left2,background,bottom0A0 A0A1 A1A2 A2left2
857,2727.79,bottom1,top2,background,bottom1B0 B0C0 C0C1 C1C2 C2top2
858,2736.60,top1,bottom2,background,top1B2 B2B1 B1C1 C1C0 C0bottom2
859,2736.84,top2,right1,background,top2C2 C2C1 C1right1
860,2742.67,top0,left0,background,top0A2 A2A1 A1A0 A0left0
861,2742.79,left0,top2,center,left0A0 A0B0 B0B1 B1C1 C1C2 C2top2
862,2745.20,bottom2,top2,background,bottom2C0 C0C1 C1C2 C2top2
863,2747.97,left0,right2,background,left0A0 A0B0 B0B1 B1C1 C1C2 C2right2
864,2748.61,right2,bottom1,background,right2C2 C2C1 C1C0 C0B0 B0bottom1
865,2748.94,left1,right1,background,left1A1 A1B1 B1C1 C1right1
866,2751.07,bottom2,top1,background,bottom2C0 C0B0 B0B1 B1B2 B2top1
867,2751.66,left2,left1,background,left2A2 A2A1 A1left1
868,2757.71,top2,bottom2,background,top2C2 C2C1 C1C0 C0bottom2
869,2760.53,left0,top2,outer,left0A0 A0A1 A1A2 A2B2 B2C2 C2top2
870,2764.19,left1,top2,background,left1A1 A1B1 B1C1 C1C2 C2top2
871,2783.30,bottom0,top0,background,bottom0A0 A0A1 A1A2 A2top0
872,2789.84,left0,top2,center,left0A0 A0B0 B0B1 B1C1 C1C2 C2top2
873,2790.91,left0,top2,center,left0A0 A0B0 B0B1 B1C1 C1C2 C2top2
874,2794.02,bottom0,right1,background,bottom0A0 A0B0 B0C0 C0C1 C1right1
875,2794.04,left1,bottom1,background,left1A1 A1B1 B1B0 B0bottom1
876,2794.54,left0,top2,outer,left0A0 A0A1 A1A2 A2B2 B2C2 C2top2
877,2797.61,right2,right1,background,right2C2 C2C1 C1right1
878,2808.82,bottom2,bottom1,background,bottom2C0 C0B0 B0bottom1
879,2810.96,top0,top1,background,top0A2 A2B2 B2top1
880,2816.50,bottom0,bottom2,background,bottom0A0 A0B0 B0C0 C0bottom2
881,2817.92,left2,top2,background,left2A2 A2B2 B2C2 C2top2
882,2822.56,top2,bottom0,background,top2C2 C2C1 C1C0 C0B0 B0A0 A0bottom0
883,2827.80,left1,left0,background,left1A1 A1A0 A0left0
884,2828.88,left1,left2,background,left1A1 A1A2 A2left2
885,2831.99,left0,top2,center,left0A0 A0B0 B0B1 B1C1 C1C2 C2top2
886,2834.25,bottom0,right0,background,bottom0A0 A0B0 B0C0 C0right0
887,2844.97,top2,right1,background,top2C2 C2C1 C1right1
888,2848.04,top2,left1,background,top2C2 C2C1 C1B1 B1A1 A1left1
889,2848.79,bottom1,left2,background,bottom1B0 B0B1 B1A1 A1A2 A2left2
890,2849.46,right0,right2,background,right0C0 C0C1 C1C2 C2right2
891,2850.80,right1,left1,background,right1C1 C1B1 B1A1 A1left1
892,2851.75,bottom1,right1,background,bottom1B0 B0C0 C0C1 C1right1
893,2852.77,right1,left2,background,right1C1 C1C2 C2B2 B2A2 A2left2
894,2855.75,top2,right0,background,top2C2 C2C1 C1C0 C0right0
895,2857.03,bottom1,top2,background,bottom1B0 B0C0 C0C1 C1C2 C2top2
896,2857.53,left0,top2,outer,left0A0 A0A1 A1A2 A2B2 B2C2 C2top2
897,2859.64,left0,top2,outer,left0A0 A0A1 A1A2 A2B2 B2C2 C2top2
898,2860.37,top0,bottom0,background,top0A2 A2A1 A1A0 A0bottom0
899,2862.07,top0,bottom0,background,top0A2 A2A1 A1A0 A0bottom0
900,2863.95,bottom1,bottom0,background,bottom1B0 B0A0 A0bottom0
901,2867.49,left2,left1,background,left2A2 A2A1 A1left1
902,2871.70,left0,top2,outer,left0A0 A0A1 A1A2 A2B2 B2C2 C2top2
903,2871.75,top1,bottom2,background,top1B2 B2B1 B1B0 B0C0 C0bottom2
904,2873.23,top1,left2,background,top1B2 B2A2 A2left2
905,2875.63,right1,top1,background,right1C1 C1C2 C2B2 B2top1
906,2877.82,bottom2,bottom1,background,bottom2C0 C0B0 B0bottom1
907,2881.29,right2,top0,background,right2C2 C2B2 B2A2 A2top0
908,2883.76,bottom2,top1,background,bottom2C0 C0B0 B0B1 B1B2 B2top1
909,2889.84,top0,top1,background,top0A2 A2B2 B2top1
910,2893.56,right2,bottom1,background,right2C2 C2C1 C1C0 C0B0 B0bottom1
911,2899.77,left0,bottom1,background,left0A0 A0B0 B0bottom1
912,2900.81,bottom2,bottom0,background,bottom2C0 C0B0 B0A0 A0bottom0
913,2903.77,bottom0,left0,background,bottom0A0 A0left0
914,2905.12,left0,top2,center,left0A0 A0B0 B0B1 B1C1 C1C2 C2top2
915,2924.20,top2,left0,background,top2C2 C2C1 C1B1 B1A1 A1A0 A0left0
916,2925.18,left0,top2,center,left0A0 A0B0 B0B1 B1C1 C1C2 C2top2
917,2931.52,left0,top2,center,left0A0 A0B0 B0B1 B1C1 C1C2 C2top2
918,2933.42,top1,right1,background,top1B2 B2B1 B1C1 C1right1
919,2934.99,bottom0,top0,background,bottom0A0 A0A1 A1A2 A2top0
920,2941.36,top0,right1,background,top0A2 A2A1 A1B1 B1C1 C1right1
921,2944.22,top2,left2,background,top2C2 C2B2 B2A2 A2left2
922,2944.58,top1,right0,background,top1B2 B2B1 B1C1 C1C0 C0right0
923,2946.11,left0,top2,outer,left0A0 A0A1 A1A2 A2B2 B2C2 C2top2
924,2949.74,top0,bottom0,background,top0A2 A2A1 A1A0 A0bottom0
925,2961.69,left0,top2,outer,left0A0 A0A1 A1A2 A2B2 B2C2 C2top2
926,2963.19,right2,left1,background,right2C2 C2C1 C1B1 B1A1 A1left1
927,2964.46,top0,left2,background,top0A2 A2left2
928,2966.02,left0,top2,outer,left0A0 A0A1 A1A2 A2B2 B2C2 C2top2
929,2973.41,right2,bottom0,background,right2C2 C2C1 C1C0 C0B0 B0A0 A0bottom0
930,2979.52,left1,top0,background,left1A1 A1A2 A2top0
931,2979.63,right1,bottom2,background,right1C1 C1C0 C0bottom2
932,2988.78,bottom1,left0,background,bottom1B0 B0A0 A0left0
933,2989.39,top0,bottom1,background,top0A2 A2B2 B2B1 B1B0 B0bottom1
934,2993.03,left1,left2,background,left1A1 A1A2 A2left2
935,2993.50,left2,right2,background,left2A2 A2B2 B2C2 C2right2
936,2994.94,left1,right2,background,left1A1 A1A2 A2B2 B2C2 C2right2
937,2995.67,right0,left2,background,right0C0 C0C1 C1C2 C2B2 B2A2 A2left2
938,2996.37,bottom1,top2,background,bottom1B0 B0C0 C0C1 C1C2 C2top2
939,3002.98,right0,left2,background,right0C0 C0B0 B0B1 B1B2 B2A2 A2left2
940,3007.96,bottom0,right2,background,bottom0A0 A0A1 A1A2 A2B2 B2C2 C2right2
941,3009.18,top0,left1,background,top0A2 A2A1 A1left1
942,3009.81,left0,top2,outer,left0A0 A0A1 A1A2 A2B2 B2C2 C2top2
943,3011.01,left0,top2,center,left0A0 A0B0 B0B1 B1C1 C1C2 C2top2
944,3011.18,bottom1,right1,background,bottom1B0 B0B1 B1C1 C1right1
945,3012.90,top0,bottom2,background,top0A2 A2A1 A1A0 A0B0 B0C0 C0bottom2
946,3013.53,left0,top2,center,left0A0 A0B0 B0B1 B1C1 C1C2 C2top2
947,3013.69,right1,right0,background,right1C1 C1C0 C0right0
948,3018.31,bottom1,left1,background,bottom1B0 B0B1 B1A1 A1left1
949,3019.78,top2,top1,background,top2C2 C2B2 B2top1
950,3028.84,top2,right0,background,top2C2 C2C1 C1C0 C0right0
951,3032.39,left2,left0,background,left2A2 A2A1 A1A0 A0left0
952,3034.27,bottom0,right2,background,bottom0A0 A0B0 B0C0 C0C1 C1C2 C2right2
953,3041.26,left2,right2,background,left2A2 A2B2 B2C2 C2right2
954,3045.04,left0,top2,outer,left0A0 A0A1 A1A2 A2B2 B2C2 C2top2
955,3046.08,bottom1,left1,background,bottom1B0 B0A0 A0A1 A1left1
956,3050.63,right0,bottom0,background,right0C0 C0B0 B0A0 A0bottom0
957,3055.04,right2,left0,background,right2C2 C2C1 C1C0 C0B0 B0A0 A0left0
958,3056.94,right1,top1,background,right1C1 C1C2 C2B2 B2top1
959,3057.79,top0,bottom0,background,top0A2 A2A1 A1A0 A0bottom0
960,3070.76,right0,bottom2,background,right0C0 C0bottom2
961,3082.69,top0,bottom1,background,top0A2 A2B2 B2B1 B1B0 B0bottom1
962,3083.35,top0,left0,background,top0A2 A2A1 A1A0 A0left0
963,3086.49,bottom2,bottom0,background,bottom2C0 C0B0 B0A0 A0bottom0
964,3088.68,left0,top2,center,left0A0 A0B0 B0B1 B1C1 C1C2 C2top2
965,3090.54,top1,right1,background,top1B2 B2B1 B1C1 C1right1
966,3091.98,bottom1,left2,background,bottom1B0 B0A0 A0A1 A1A2 A2left2
967,3093.51,bottom2,right1,background,bottom2C0 C0C1 C1right1
968,3095.49,top0,right0,background,top0A2 A2B2 B2B1 B1B0 B0C0 C0right0
969,3101.44,right1,bottom1,background,right1C1 C1B1 B1B0 B0bottom1
970,3101.63,left0,top2,center,left0A0 A0B0 B0B1 B1C1 C1C2 C2top2
971,3104.05,right0,left0,background,right0C0 C0B0 B0A0 A0left0
972,3104.24,bottom2,top2,background,bottom2C0 C0C1 C1C2 C2top2
973,3108.48,right1,left1,background,right1C1 C1B1 B1A1 A1left1
974,3108.67,right2,bottom1,background,right2C2 C2B2 B2B1 B1B0 B0bottom1
975,3110.36,right2,right0,background,right2C2 C2C1 C1C0 C0right0
976,3110.90,left1,left0,background,left1A1 A1A0 A0left0
977,3113.78,right0,top2,background,right0C0 C0C1 C1C2 C2top2
978,3116.39,right0,top0,background,right0C0 C0C1 C1C2 C2B2 B2A2 A2top0
979,3119.47,right0,top1,background,right0C0 C0C1 C1C2 C2B2 B2top1
980,3121.42,top0,right2,background,top0A2 A2B2 B2C2 C2right2
981,3122.45,bottom2,left1,background,bottom2C0 C0B0 B0A0 A0A1 A1left1
982,3130.46,left2,top2,background,left2A2 A2B2 B2C2 C2top2
983,3133.95,left1,left0,background,left1A1 A1A0 A0left0
984,3134.28,top2,left2,background,top2C2 C2B2 B2A2 A2left2
985,3136.03,right0,left1,background,right0C0 C0B0 B0B1 B1A1 A1left1
986,3136.79,right0,bottom2,background,right0C0 C0bottom2
987,3138.86,left1,top0,background,left1A1 A1A2 A2top0
988,3142.37,bottom2,left2,background,bottom2C0 C0B0 B0B1 B1A1 A1A2 A2left2
989,3143.71,right1,right0,background,right1C1 C1C0 C0right0
990,3145.13,left2,bottom0,background,left2A2 A2A1 A1A0 A0bottom0
991,3145.40,right0,top1,background,right0C0 C0B0 B0B1 B1B2 B2top1
992,3145.62,left2,bottom2,background,left2A2 A2A1 A1A0 A0B0 B0C0 C0bottom2
993,3149.36,left0,top2,outer,left0A0 A0A1 A1A2 A2B2 B2C2 C2top2
994,3150.05,left1,right1,background,left1A1 A1B1 B1C1 C1right1
995,3155.00,left0,top2,center,left0A0 A0B0 B0B1 B1C1 C1C2 C2top2
996,3159.25,top0,top2,background,top0A2 A2B2 B2C2 C2top2
997,3162.37,top2,bottom0,background,top2C2 C2B2 B2A2 A2A1 A1A0 A0bottom0
998,3164.06,left1,right1,background,left1A1 A1B1 B1C1 C1right1
999,3167.66,left1,top2,background,left1A1 A1B1 B1B2 B2C2 C2top2
1000,3169.53,bottom1,bottom2,background,bottom1B0 B0C0 C0bottom2
1001,3179.21,right1,top1,background,right1C1 C1C2 C2B2 B2top1
1002,3182.67,right2,bottom0,background,right2C2 C2B2 B2A2 A2A1 A1A0 A0bottom0
1003,3196.25,bottom2,bottom1,background,bottom2C0 C0B0 B0bottom1
1004,3197.16,left2,left0,background,left2A2 A2A1 A1A0 A0left0
1005,3201.09,top1,bottom2,background,top1B2 B2B1 B1C1 C1C0 C0bottom2
1006,3207.20,left2,bottom0,background,left2A2 A2A1 A1A0 A0bottom0
1007,3207.32,right0,bottom2,background,right0C0 C0bottom2
1008,3212.85,left2,right0,background,left2A2 A2A1 A1A0 A0B0 B0C0 C0right0
1009,3213.83,top1,top0,background,top1B2 B2A2 A2top0
1010,3216.33,top0,left2,background,top0A2 A2left2
1011,3218.65,top1,top0,background,top1B2 B2A2 A2top0
1012,3218.67,top0,right1,background,top0A2 A2B2 B2C2 C2C1 C1right1
1013,3222.26,right2,top2,background,right2C2 C2top2
1014,3225.94,bottom1,bottom2,background,bottom1B0 B0C0 C0bottom2
1015,3227.38,bottom1,left2,background,bottom1B0 B0B1 B1B2 B2A2 A2left2
1016,3227.88,bottom1,left2,background,bottom1B0 B0B1 B1B2 B2A2 A2left2
1017,3231.66,left2,left1,background,left2A2 A2A1 A1left1
1018,3232.42,bottom1,left2,background,bottom1B0 B0A0 A0A1 A1A2 A2left2
1019,3237.70,bottom2,right0,background,bottom2C0 C0right0
1020,3239.26,right0,right1,background,right0C0 C0C1 C1right1
1021,3239.55,right2,left0,background,right2C2 C2C1 C1C0 C0B0 B0A0 A0left0
1022,3243.70,left2,left1,background,left2A2 A2A1 A1left1
1023,3245.25,right0,bottom1,background,right0C0 C0B0 B0bottom1
1024,3245.38,top2,top1,background,top2C2 C2B2 B2top1
1025,3245.52,bottom0,left2,background,bottom0A0 A0A1 A1A2 A2left2
1026,3246.12,left2,top2,background,left2A2 A2B2 B2C2 C2top2
1027,3246.37,left2,bottom0,background,left2A2 A2A1 A1A0 A0bottom0
1028,3251.31,bottom0,right2,background,bottom0A0 A0A1 A1A2 A2B2 B2C2 C2right2
1029,3251.73,right2,top1,background,right2C2 C2B2 B2top1
1030,3252.45,top2,right1,background,top2C2 C2C1 C1right1
1031,3254.38,top0,bottom2,background,top0A2 A2A1 A1A0 A0B0 B0C0 C0bottom2
1032,3255.12,right0,top1,background,right0C0 C0B0 B0B1 B1B2 B2top1
1033,3255.38,left1,top0,background,left1A1 A1A2 A2top0
1034,3257.35,bottom0,top1,background,bottom0A0 A0B0 B0B1 B1B2 B2top1
1035,3259.89,top2,top0,background,top2C2 C2B2 B2A2 A2top0
1036,3261.05,top2,bottom2,background,top2C2 C2C1 C1C0 C0bottom2
1037,3261.07,right0,top2,background,right0C0 C0C1 C1C2 C2top2
1038,3262.88,bottom0,left1,background,bottom0A0 A0A1 A1left1
1039,3268.64,left2,top0,background,left2A2 A2top0
1040,3272.91,bottom2,left1,background,bottom2C0 C0C1 C1B1 B1A1 A1left1
1041,3276.14,right2,top2,background,right2C2 C2top2
1042,3277.24,right2,left0,background,right2C2 C2B2 B2B1 B1A1 A1A0 A0left0
1043,3277.54,left0,top2,center,left0A0 A0B0 B0B1 B1C1 C1C2 C2top2
1044,3280.15,bottom1,left2,background,bottom1B0 B0B1 B1B2 B2A2 A2left2
1045,3287.02,left0,top2,center,left0A0 A0B0 B0B1 B1C1 C1C2 C2top2
1046,3287.19,left1,top1,background,left1A1 A1A2 A2B2 B2top1
1047,3292.58,bottom2,right2,background,bottom2C0 C0C1 C1C2 C2right2
1048,3295.93,left1,bottom2,background,left1A1 A1A0 A0B0 B0C0 C0bottom2
1049,3297.73,right1,bottom0,background,right1C1 C1C0 C0B0 B0A0 A0bottom0
1050,3298.02,left2,top0,background,left2A2 A2top0
1051,3299.22,right1,top0,background,right1C1 C1C2 C2B2 B2A2 A2top0
1052,3300.72,bottom0,top0,background,bottom0A0 A0A1 A1A2 A2top0
1053,3301.97,right1,bottom1,background,right1C1 C1B1 B1B0 B0bottom1
1054,3302.57,top1,bottom0,background,top1B2 B2B1 B1B0 B0A0 A0bottom0
1055,3306.92,left2,right1,background,left2A2 A2A1 A1B1 B1C1 C1right1
1056,3308.45,left0,top2,outer,left0A0 A0A1 A1A2 A2B2 B2C2 C2top2
1057,3310.84,bottom2,right0,background,bottom2C0 C0right0
1058,3331.94,right0,right1,background,right0C0 C0C1 C1right1
1059,3333.64,left0,top2,outer,left0A0 A0A1 A1A2 A2B2 B2C2 C2top2
1060,3336.86,bottom1,right0,background,bottom1B0 B0C0 C0right0
1061,3338.30,top0,right2,background,top0A2 A2B2 B2C2 C2right2
1062,3340.75,bottom0,left2,background,bottom0A0 A0A1 A1A2 A2left2
1063,3345.48,bottom2,left1,background,bottom2C0 C0B0 B0B1 B1A1 A1left1
1064,3348.09,bottom0,top2,background,bottom0A0 A0B0 B0B1 B1C1 C1C2 C2top2
1065,3349.91,left0,top2,center,left0A0 A0B0 B0B1 B1C1 C1C2 C2top2
1066,3350.63,right2,right1,background,right2C2 C2C1 C1right1
1067,3356.33,left2,bottom1,background,left2A2 A2B2 B2B1 B1B0 B0bottom1
1068,3357.81,bottom0,left0,background,bottom0A0 A0left0
1069,3358.04,top1,left1,background,top1B2 B2A2 A2A1 A1left1
1070,3358.17,right0,top2,background,right0C0 C0C1 C1C2 C2top2
1071,3365.63,top0,right0,background,top0A2 A2B2 B2C2 C2C1 C1C0 C0right0
1072,3369.21,bottom2,right2,background,bottom2C0 C0C1 C1C2 C2right2
1073,3373.26,left1,top1,background,left1A1 A1A2 A2B2 B2top1
1074,3373.65,bottom0,left2,background,bottom0A0 A0A1 A1A2 A2left2
1075,3384.38,bottom0,top2,background,bottom0A0 A0A1 A1A2 A2B2 B2C2 C2top2
1076,3390.04,bottom1,left0,background,bottom1B0 B0A0 A0left0
1077,3395.68,right0,top0,background,right0C0 C0C1 C1C2 C2B2 B2A2 A2top0
1078,3399.54,top1,top2,background,top1B2 B2C2 C2top2
1079,3400.35,right2,bottom0,background,right2C2 C2C1 C1B1 B1A1 A1A0 A0bottom0
1080,3403.24,left1,top2,background,left1A1 A1B1 B1B2 B2C2 C2top2
1081,3403.86,bottom2,right1,background,bottom2C0 C0C1 C1right1
1082,3414.58,left0,top2,outer,left0A0 A0A1 A1A2 A2B2 B2C2 C2top2
1083,3420.30,bottom1,right2,background,bottom1B0 B0C0 C0C1 C1C2 C2right2
1084,3429.84,bottom1,right1,background,bottom1B0 B0B1 B1C1 C1right1
1085,3435.27,bottom2,left0,background,bottom2C0 C0B0 B0A0 A0left0
1086,3437.27,left0,top2,outer,left0A0 A0A1 A1A2 A2B2 B2C2 C2top2
1087,3441.10,bottom1,bottom0,background,bottom1B0 B0A0 A0bottom0
1088,3441.16,left0,top2,center,left0A0 A0B0 B0B1 B1C1 C1C2 C2top2
1089,3447.37,top0,left0,background,top0A2 A2A1 A1A0 A0left0
1090,3453.74,right2,top0,background,right2C2 C2B2 B2A2 A2top0
1091,3456.52,right1,left2,background,right1C1 C1B1 B1A1 A1A2 A2left2
1092,3460.32,right1,top2,background,right1C1 C1C2 C2top2
1093,3463.70,bottom0,right0,background,bottom0A0 A0B0 B0C0 C0right0
1094,3463.83,bottom1,bottom0,background,bottom1B0 B0A0 A0bottom0
1095,3465.15,bottom0,top0,background,bottom0A0 A0A1 A1A2 A2top0
1096,3465.54,bottom0,top1,background,bottom0A0 A0B0 B0B1 B1B2 B2top1
1097,3472.29,left2,bottom1,background,left2A2 A2A1 A1A0 A0B0 B0bottom1
1098,3473.90,left0,top2,center,left0A0 A0B0 B0B1 B1C1 C1C2 C2top2
1099,3474.31,bottom2,right1,background,bottom2C0 C0C1 C1right1
1100,3477.05,bottom2,bottom1,background,bottom2C0 C0B0 B0bottom1
1101,3482.94,left2,top2,background,left2A2 A2B2 B2C2 C2top2
1102,3486.28,right1,top0,background,right1C1 C1C2 C2B2 B2A2 A2top0
1103,3496.25,bottom0,left0,background,bottom0A0 A0left0
